Rk,Player,From,To,Draft,Tm,Lg,Games G,Games GS,Passing Cmp,Passing Att,Passing Cmp%,Passing Yds,Passing TD,Passing Int,Passing Pick6,Passing TD%,Passing Int%,Passing Rate,Passing Sk,Passing Yds2,Passing Sk%,Passing Y/A,Passing AY/A,Passing ANY/A,Passing Y/G,Passing W,Passing L,Passing T,Passing 4QC,Passing GWD
1,Drew Brees,2001,2019,2-32,TOT,NFL,275,274,6867,10161,67.58,77416,547,237,27,5.4,2.33,98.4,407,2902,3.9%,7.62,7.65,7.08,281.5,163,111,0,35,50
2,Tom Brady,2000,2019,6-199,NWE,NFL,285,283,6377,9988,63.85,74571,541,179,14,5.4,1.79,97.0,500,3129,4.8%,7.47,7.74,7.08,261.7,219,64,0,36,45
3,Peyton Manning,1998,2015,1-1,TOT,NFL,266,265,6125,9380,65.30,71940,539,251,27,5.7,2.68,96.5,303,1953,3.1%,7.67,7.61,7.17,270.5,186,79,0,43,54
4,Brett Favre,1991,2010,2-33,TOT,NFL,302,298,6300,10169,61.95,71838,508,336,32,5,3.30,86.0,525,3487,4.9%,7.06,6.58,5.93,237.9,186,112,0,28,43
5,Philip Rivers,2004,2019,1-4,SDG,NFL,228,224,4908,7591,64.66,59271,397,198,24,5.2,2.61,95.1,445,2714,5.5%,7.81,7.68,6.92,260.0,123,101,0,27,32
6,Eli Manning,2004,2019,1-1,NYG,NFL,236,234,4895,8119,60.29,57023,366,244,22,4.5,3.01,84.1,411,2870,4.8%,7.02,6.57,5.92,241.6,117,117,0,27,37
7,Ben Roethlisberger,2004,2019,1-11,PIT,NFL,218,216,4651,7230,64.33,56545,363,191,16,5,2.64,94.0,503,3320,6.5%,7.82,7.64,6.71,259.4,144,71,1,31,42
8,Matt Ryan,2008,2019,1-3,ATL,NFL,189,189,4460,6817,65.42,51186,321,147,17,4.7,2.16,94.6,369,2446,5.1%,7.51,7.48,6.76,270.8,109,80,0,30,38
9,Aaron Rodgers,2005,2019,1-24,GNB,NFL,181,174,3913,6061,64.56,46946,364,84,2,6,1.39,102.4,448,2968,6.9%,7.75,8.32,7.29,259.4,113,60,1,16,23
10,Carson Palmer,2004,2017,1-1,TOT,NFL,182,181,3941,6307,62.49,46247,294,187,22,4.7,2.96,87.9,340,2364,5.1%,7.33,6.93,6.22,254.1,92,88,1,22,35
11,Vinny Testaverde,1987,2007,1-1,TOT,NFL,233,214,3787,6701,56.51,46233,275,267,23,4.1,3.98,75.0,417,2992,5.9%,6.90,5.93,5.16,198.4,90,123,1,29,33
12,Dan Marino,1987,1999,1-27,MIA,NFL,183,183,3718,6308,58.94,45184,278,185,25,4.4,2.93,83.5,212,1454,3.3%,7.16,6.72,6.28,246.9,106,77,0,26,35
13,Drew Bledsoe,1993,2006,1-1,TOT,NFL,194,193,3839,6717,57.15,44611,251,206,15,3.7,3.07,77.1,467,3135,6.5%,6.64,6.01,5.18,230.0,98,95,0,24,31
14,Matthew Stafford,2009,2019,1-1,DET,NFL,149,149,3559,5696,62.48,41025,256,134,20,4.5,2.35,89.3,347,2242,5.7%,7.20,7.04,6.27,275.3,69,79,1,28,34
15,Kerry Collins,1995,2011,1-5,TOT,NFL,198,180,3487,6261,55.69,40922,208,196,20,3.3,3.13,73.8,337,2230,5.1%,6.54,5.79,5.16,206.7,81,99,0,21,30
16,Joe Flacco,2008,2019,1-18,TOT,NFL,171,171,3670,5932,61.87,40067,218,141,10,3.7,2.38,84.1,359,2554,5.7%,6.75,6.42,5.65,234.3,98,73,0,18,24
17,John Elway,1987,1998,1-1,DEN,NFL,176,175,3179,5502,57.78,39838,234,161,13,4.3,2.93,82.4,394,2869,6.7%,7.24,6.77,5.84,226.4,110,64,1,21,30
18,Warren Moon,1987,2000,,TOT,NFL,163,158,3273,5508,59.42,39789,251,174,12,4.6,3.16,83.7,324,2346,5.6%,7.22,6.71,5.94,244.1,90,68,0,22,30
19,Donovan McNabb,1999,2011,1-2,TOT,NFL,167,161,3170,5374,58.99,37276,234,117,7,4.4,2.18,85.6,410,2626,7.1%,6.94,6.83,5.89,223.2,98,62,1,16,24
20,Matt Hasselbeck,1999,2015,6-187,TOT,NFL,209,160,3222,5330,60.45,36638,212,153,13,4,2.87,82.4,360,2260,6.3%,6.87,6.38,5.58,175.3,85,75,0,15,24
Rk,Player,From,To,Draft,Tm,Lg,G,GS,Cmp,Att,Cmp%,Yds,TD,Int,Pick6,TD%,Int%,Rate,Sk,Yds,Sk%,Y/A,AY/A,ANY/A,Y/G,W,L,T,4QC,GWD
21,Jay Cutler,2006,2017,1-11,TOT,NFL,153,153,3048,4920,61.95,35133,227,160,19,4.6,3.25,85.3,322,2035,6.1%,7.14,6.60,5.81,229.6,74,79,0,23,28
22,Tony Romo,2004,2016,,DAL,NFL,156,127,2829,4335,65.26,34183,248,117,13,5.7,2.70,97.1,248,1672,5.4%,7.89,7.81,7.03,219.1,78,49,0,24,29
23,Alex Smith,2005,2018,1-1,TOT,NFL,166,161,3082,4941,62.38,34068,193,101,8,3.9,2.04,87.3,410,2324,7.7%,6.89,6.76,5.80,205.2,94,66,1,18,22
24,Jim Everett,1987,1997,1-3,TOT,NFL,152,148,2768,4776,57.96,33819,195,167,13,4.1,3.50,78.9,249,1835,5.0%,7.08,6.32,5.65,222.5,61,87,0,11,14
25,Troy Aikman,1989,2000,1-1,DAL,NFL,165,165,2898,4715,61.46,32942,165,141,11,3.5,2.99,81.6,259,1748,5.2%,6.99,6.34,5.66,199.6,94,71,0,15,20
26,Ryan Fitzpatrick,2005,2019,7-250,TOT,NFL,156,139,2886,4787,60.29,32886,210,161,13,4.4,3.36,81.6,285,1509,5.6%,6.87,6.23,5.59,210.8,55,83,1,12,17
27,Kurt Warner,1998,2009,,TOT,NFL,124,116,2666,4070,65.50,32344,208,128,15,5.1,3.14,93.7,260,1669,6.0%,7.95,7.55,6.71,260.8,67,49,0,7,11
28,Mark Brunell,1994,2011,5-118,TOT,NFL,193,151,2761,4640,59.50,32072,184,108,14,4,2.33,84.0,390,2395,7.8%,6.91,6.66,5.67,166.2,78,73,0,16,22
29,Jim Kelly,1987,1996,1-14,BUF,NFL,144,144,2589,4299,60.22,31874,215,158,12,5,3.68,84.5,280,2097,6.1%,7.41,6.76,5.89,221.3,97,47,0,21,28
30,Andy Dalton,2011,2019,2-35,CIN,NFL,133,133,2757,4449,61.97,31594,204,118,14,4.6,2.65,87.5,278,1738,5.9%,7.10,6.82,6.06,237.5,70,61,2,20,24
31,Steve McNair,1995,2007,1-3,TOT,NFL,161,153,2733,4544,60.15,31304,174,119,13,3.8,2.62,82.8,254,1567,5.3%,6.89,6.48,5.81,194.4,91,62,0,15,21
32,Boomer Esiason,1987,1997,2-38,TOT,NFL,146,139,2394,4203,56.96,29988,193,152,11,4.6,3.62,79.5,255,1903,5.7%,7.13,6.43,5.63,205.4,60,79,0,14,20
33,Steve Young,1987,1999,1-1,SFO,NFL,150,124,2400,3648,65.79,29907,221,86,4,6.1,2.36,101.4,290,1571,7.4%,8.20,8.35,7.34,199.4,91,33,0,12,15
34,Jon Kitna,1997,2011,,TOT,NFL,141,124,2677,4442,60.27,29745,169,165,17,3.8,3.71,77.4,323,1987,6.8%,6.70,5.79,4.98,211.0,50,74,0,18,22
35,Russell Wilson,2012,2019,3-75,SEA,NFL,128,128,2436,3777,64.50,29734,227,68,5,6,1.80,101.2,347,2271,8.4%,7.87,8.26,7.02,232.3,86,41,1,21,28
36,Jake Plummer,1997,2006,2-42,TOT,NFL,143,136,2484,4350,57.10,29253,161,161,13,3.7,3.70,74.6,284,1735,6.1%,6.72,5.80,5.07,204.6,69,67,0,20,30
37,Brad Johnson,1994,2008,9-227,TOT,NFL,177,125,2668,4326,61.67,29054,166,122,12,3.8,2.82,82.5,251,1616,5.5%,6.72,6.21,5.52,164.1,72,53,0,14,27
38,Cam Newton,2011,2019,1-1,CAR,NFL,125,124,2371,3980,59.57,29041,182,108,10,4.6,2.71,86.1,291,2199,6.8%,7.30,6.99,6.00,232.3,68,55,1,15,17
39,Rich Gannon,1987,2004,4-98,TOT,NFL,157,132,2533,4206,60.22,28743,180,104,6,4.3,2.47,84.7,302,1689,6.7%,6.83,6.58,5.76,183.1,76,56,0,16,20
40,Chris Chandler,1988,2004,3-76,TOT,NFL,180,152,2328,4005,58.13,28484,170,146,13,4.2,3.65,79.1,380,2590,8.7%,7.11,6.32,5.18,158.2,67,85,0,10,15
41,Trent Green,1997,2008,8-222,TOT,NFL,120,113,2266,3740,60.59,28475,162,114,6,4.3,3.05,86.0,259,1621,6.5%,7.61,7.11,6.24,237.3,56,57,0,15,19
42,Randall Cunningham,1987,2001,2-37,TOT,NFL,140,126,2284,3999,57.11,28040,198,119,3,5,2.98,83.0,392,2898,8.9%,7.01,6.66,5.41,200.3,80,46,0,18,22
43,Jeff George,1990,2001,1-1,TOT,NFL,131,124,2298,3967,57.93,27602,154,113,12,3.9,2.85,80.4,358,2691,8.3%,6.96,6.45,5.30,210.7,46,78,0,8,17
44,Jim Harbaugh,1987,2000,1-26,TOT,NFL,177,140,2305,3918,58.83,26288,129,117,6,3.3,2.99,77.6,361,2132,8.4%,6.71,6.02,5.02,148.5,66,74,0,15,19
45,Jeff Garcia,1999,2009,,TOT,NFL,125,116,2264,3676,61.59,25537,161,83,11,4.4,2.26,87.5,181,947,4.7%,6.95,6.81,6.24,204.3,58,58,0,11,17
46,Matt Schaub,2004,2019,3-90,TOT,NFL,154,93,2148,3348,64.16,25467,136,91,14,4.1,2.72,89.5,180,1245,5.1%,7.61,7.20,6.48,165.4,47,46,0,11,14
47,Dave Krieg,1987,1998,,TOT,NFL,146,116,2059,3489,59.01,24470,154,126,8,4.4,3.61,80.2,301,2264,7.9%,7.01,6.27,5.18,167.6,61,55,0,16,17
48,Daunte Culpepper,1999,2009,1-11,TOT,NFL,105,100,2016,3199,63.02,24153,149,106,7,4.7,3.31,87.8,298,1696,8.5%,7.55,6.99,5.91,230.0,41,59,0,11,17
49,Kirk Cousins,2012,2019,4-102,TOT,NFL,93,88,2104,3146,66.88,24107,155,71,10,4.9,2.26,96.8,174,1315,5.2%,7.66,7.63,6.84,259.2,44,42,2,10,13
50,Steve Beuerlein,1988,2003,4-110,TOT,NFL,147,102,1894,3328,56.91,24046,147,112,6,4.4,3.37,80.3,332,2124,9.1%,7.23,6.59,5.42,163.6,47,55,0,13,16
51,Andrew Luck,2012,2018,1-1,CLT,NFL,86,86,2000,3290,60.79,23671,171,83,10,5.2,2.52,89.5,174,1124,5.0%,7.19,7.10,6.42,275.2,53,33,0,16,20
52,Ryan Tannehill,2012,2019,1-8,TOT,NFL,100,98,2030,3197,63.50,23176,145,81,9,4.5,2.53,89.8,279,2097,8.0%,7.25,7.02,5.85,231.8,49,49,0,17,16
53,Marc Bulger,2002,2009,6-168,RAM,NFL,96,95,1969,3171,62.09,22814,122,93,10,3.8,2.93,84.4,254,1863,7.4%,7.19,6.64,5.61,237.6,41,54,0,12,16
54,Derek Carr,2014,2019,2-36,RAI,NFL,94,94,2120,3313,63.99,22793,143,62,8,4.3,1.87,90.7,171,1042,4.9%,6.88,6.90,6.26,242.5,39,55,0,18,19
55,Michael Vick,2001,2015,1-1,TOT,NFL,143,115,1807,3217,56.17,22464,133,88,6,4.1,2.74,80.4,316,1879,8.9%,6.98,6.58,5.46,157.1,61,51,1,14,15
56,Jeff Blake,1992,2005,6-166,TOT,NFL,119,100,1827,3241,56.37,21711,134,99,12,4.1,3.05,78.0,248,1550,7.1%,6.70,6.15,5.27,182.4,39,61,0,12,16
57,Neil O'Donnell,1991,2003,3-70,TOT,NFL,125,100,1865,3229,57.76,21690,120,68,8,3.7,2.11,81.8,259,1906,7.4%,6.72,6.51,5.48,173.5,55,45,0,15,18
58,Gus Frerotte,1994,2008,7-197,TOT,NFL,147,93,1699,3106,54.70,21291,114,106,10,3.7,3.41,74.2,207,1328,6.2%,6.85,6.05,5.27,144.8,45,47,1,8,10
59,Jake Delhomme,1999,2011,,TOT,NFL,103,96,1741,2932,59.38,20975,126,101,13,4.3,3.44,81.3,168,1267,5.4%,7.15,6.46,5.70,203.6,56,40,0,19,24
60,Trent Dilfer,1994,2007,1-6,TOT,NFL,130,113,1759,3172,55.45,20518,113,129,13,3.6,4.07,70.2,263,1730,7.7%,6.47,5.35,4.44,157.8,58,55,0,14,15
61,Aaron Brooks,2000,2006,4-131,TOT,NFL,93,90,1673,2963,56.46,20261,123,92,5,4.2,3.10,78.5,235,1454,7.3%,6.84,6.27,5.36,217.9,38,52,0,12,18
62,Bobby Hebert,1987,1996,,TOT,NFL,107,91,1701,2861,59.45,19977,128,112,10,4.5,3.91,79.3,156,1071,5.2%,6.98,6.12,5.44,186.7,53,38,0,11,15
63,Jameis Winston,2015,2019,1-1,TAM,NFL,72,70,1563,2548,61.34,19737,121,88,11,4.7,3.45,86.9,169,1075,6.2%,7.75,7.14,6.30,274.1,28,42,0,7,11
64,Sam Bradford,2010,2018,1-1,TOT,NFL,83,83,1855,2967,62.52,19449,103,61,8,3.5,2.06,84.5,196,1371,6.2%,6.56,6.32,5.50,234.3,34,48,1,7,8
65,Brian Griese,1998,2008,3-91,TOT,NFL,93,83,1752,2796,62.66,19440,119,99,12,4.3,3.54,82.7,193,1326,6.5%,6.95,6.21,5.37,209.0,44,38,0,9,12
66,Chris Miller,1987,1999,1-13,TOT,NFL,98,92,1580,2892,54.63,19320,123,102,10,4.3,3.53,74.9,209,1527,6.7%,6.68,5.94,5.05,197.1,34,58,0,8,11
67,Joe Montana,1987,1994,3-82,TOT,NFL,81,77,1591,2513,63.31,19053,132,63,2,5.3,2.51,93.5,150,933,5.6%,7.58,7.50,6.73,235.2,60,17,0,15,18
68,Mark Rypien,1988,2001,6-146,TOT,NFL,104,78,1466,2613,56.10,18473,115,88,7,4.4,3.37,78.9,97,664,3.6%,7.07,6.43,5.96,177.6,47,31,0,8,12
69,Kyle Orton,2005,2014,4-106,TOT,NFL,87,82,1613,2712,59.48,18037,101,69,7,3.7,2.54,81.2,165,1016,5.7%,6.65,6.25,5.54,207.3,42,40,0,8,9
70,Bernie Kosar,1987,1996,1-1,TOT,NFL,98,82,1560,2586,60.32,17869,99,70,6,3.8,2.71,82.6,215,1265,7.7%,6.91,6.46,5.51,182.3,37,44,1,8,8
71,Chad Pennington,2000,2010,1-18,TOT,NFL,89,81,1632,2471,66.05,17823,102,64,6,4.1,2.59,90.1,162,965,6.2%,7.21,6.87,6.08,200.3,44,37,0,7,10
72,Josh McCown,2002,2019,3-81,TOT,NFL,102,76,1584,2633,60.16,17731,98,82,5,3.7,3.11,79.7,235,1563,8.2%,6.73,6.08,5.03,173.8,23,53,0,6,7
73,Blake Bortles,2014,2019,1-3,TOT,NFL,78,73,1562,2634,59.30,17649,103,75,13,3.9,2.85,80.6,195,1158,6.9%,6.70,6.20,5.36,226.3,24,49,0,6,8
74,Matt Cassel,2005,2018,7-230,TOT,NFL,108,81,1578,2683,58.81,17508,104,82,10,3.9,3.06,78.5,210,1157,7.3%,6.53,5.93,5.10,162.1,36,45,0,9,12
75,Stan Humphries,1989,1997,6-159,TOT,NFL,88,81,1431,2516,56.88,17191,89,84,11,3.5,3.34,75.8,144,1182,5.4%,6.83,6.04,5.27,195.4,50,31,0,8,10
76,Elvis Grbac,1994,2001,8-219,TOT,NFL,105,70,1446,2445,59.14,16774,99,81,12,4,3.31,79.6,129,907,5.0%,6.86,6.18,5.52,159.8,40,30,0,8,13
77,Jason Campbell,2006,2014,1-25,TOT,NFL,90,79,1519,2518,60.33,16771,87,60,5,3.5,2.38,81.7,170,1096,6.3%,6.66,6.28,5.47,186.3,32,47,0,7,10
78,Steve DeBerg,1987,1998,10-275,TOT,NFL,91,68,1335,2302,57.99,16550,94,72,6,4.1,3.13,80.9,137,1163,5.6%,7.19,6.60,5.75,181.9,35,32,1,10,11
79,Jeff Hostetler,1988,1997,3-59,TOT,NFL,134,83,1357,2338,58.04,16430,94,71,7,4,3.04,80.5,207,1158,8.1%,7.03,6.46,5.48,122.6,51,32,0,8,10
80,Rodney Peete,1989,2004,6-141,TOT,NFL,104,87,1344,2346,57.29,16338,76,92,7,3.2,3.92,73.3,244,1372,9.4%,6.96,5.85,4.77,157.1,45,42,0,9,14
Rk,Player,From,To,Draft,Tm,Lg,G,GS,Cmp,Att,Cmp%,Yds,TD,Int,Pick6,TD%,Int%,Rate,Sk,Yds,Sk%,Y/A,AY/A,ANY/A,Y/G,W,L,T,4QC,GWD
81,Ken O'Brien,1987,1993,1-24,TOT,NFL,88,75,1397,2429,57.51,16114,72,63,4,3,2.59,76.7,229,1734,8.6%,6.63,6.06,4.89,183.1,30,44,1,8,11
82,David Garrard,2002,2010,4-108,JAX,NFL,86,76,1406,2281,61.64,16003,89,54,4,3.9,2.37,85.8,179,1115,7.3%,7.02,6.73,5.79,186.1,39,37,0,10,17
83,Phil Simms,1987,1993,1-7,NYG,NFL,79,77,1250,2155,58.00,15877,95,54,6,4.4,2.51,85.4,209,1341,8.8%,7.37,7.12,5.92,201.0,48,29,0,7,9
84,Dak Prescott,2016,2019,4-135,DAL,NFL,64,64,1363,2071,65.81,15778,97,36,4,4.7,1.74,97.0,136,826,6.2%,7.62,7.77,6.92,246.5,40,24,0,8,14
85,Scott Mitchell,1991,2001,4-93,TOT,NFL,99,71,1301,2346,55.46,15692,95,81,7,4,3.45,75.3,155,882,6.2%,6.69,5.95,5.22,158.5,32,39,0,6,9
86,Mark Sanchez,2009,2018,1-5,TOT,NFL,79,73,1314,2320,56.64,15357,86,89,9,3.7,3.84,73.2,168,1090,6.8%,6.62,5.63,4.82,194.4,37,36,0,8,10
87,Erik Kramer,1987,1999,,TOT,NFL,83,67,1317,2299,57.29,15337,92,79,4,4,3.44,76.6,122,788,5.0%,6.67,5.93,5.30,184.8,31,36,0,11,14
88,Tony Banks,1996,2005,2-42,TOT,NFL,96,78,1278,2356,54.24,15315,77,73,7,3.3,3.10,72.4,227,1432,8.8%,6.50,5.76,4.70,159.5,35,43,0,5,7
89,Mike Tomczak,1987,1999,,TOT,NFL,166,66,1172,2180,53.76,14941,86,96,5,3.9,4.40,70.2,110,779,4.8%,6.85,5.66,5.05,90.0,35,31,0,4,9
90,Kordell Stewart,1995,2005,2-60,TOT,NFL,125,87,1316,2358,55.81,14746,77,84,7,3.3,3.56,70.7,170,1048,6.7%,6.25,5.30,4.53,118.0,48,34,0,9,14
91,Joey Harrington,2002,2007,1-3,TOT,NFL,81,76,1424,2538,56.11,14693,79,85,14,3.1,3.35,69.4,124,770,4.7%,5.79,4.90,4.39,181.4,26,50,0,6,7
92,Wade Wilson,1987,1998,8-210,TOT,NFL,100,59,1154,1989,58.02,14523,83,79,8,4.2,3.97,78.2,175,1186,8.1%,7.30,6.35,5.29,145.2,31,28,0,4,8
93,Jay Schroeder,1987,1994,3-83,TOT,NFL,93,78,1038,2058,50.44,14496,87,81,4,4.2,3.94,71.2,165,1246,7.4%,7.04,6.12,5.10,155.9,45,33,0,9,9
94,David Carr,2002,2012,1-1,TOT,NFL,94,79,1353,2267,59.68,14452,65,71,7,2.9,3.13,74.9,267,1564,10.5%,6.37,5.54,4.34,153.7,23,56,0,7,11
95,Case Keenum,2012,2019,,TOT,NFL,67,62,1304,2091,62.36,14368,75,47,5,3.6,2.25,85.3,120,900,5.4%,6.87,6.58,5.81,214.4,27,35,0,6,10
96,Doug Flutie,1987,2005,11-285,TOT,NFL,88,65,1154,2105,54.82,14354,83,66,1,3.9,3.14,76.3,101,657,4.6%,6.82,6.20,5.62,163.1,37,28,0,7,9
97,Jared Goff,2016,2019,1-1,RAM,NFL,54,54,1166,1869,62.39,14219,87,42,3,4.7,2.25,91.9,106,787,5.4%,7.61,7.53,6.73,263.3,33,21,0,6,7
98,Carson Wentz,2016,2019,1-2,PHI,NFL,56,56,1311,2055,63.80,14191,97,35,1,4.7,1.70,92.7,129,807,5.9%,6.91,7.08,6.30,253.4,32,24,0,6,8
99,Bubby Brister,1987,2000,3-67,TOT,NFL,97,73,1186,2152,55.11,14154,81,76,6,3.8,3.53,73.2,187,1568,8.0%,6.58,5.74,4.61,145.9,37,36,0,9,11
100,Josh Freeman,2009,2015,1-17,TOT,NFL,62,61,1179,2048,57.57,13873,81,68,6,4,3.32,77.6,112,690,5.2%,6.77,6.07,5.44,223.8,25,36,0,9,10
101,Marcus Mariota,2015,2019,1-2,OTI,NFL,63,61,1110,1765,62.89,13207,76,44,6,4.3,2.49,89.6,155,992,8.1%,7.48,7.22,6.12,209.6,29,32,0,9,11
102,Chad Henne,2008,2018,2-57,TOT,NFL,68,53,1161,1959,59.26,12960,58,63,7,3,3.22,75.5,149,938,7.1%,6.62,5.76,4.91,190.6,18,35,0,4,5
103,Don Majkowski,1987,1996,10-255,TOT,NFL,90,57,1056,1905,55.43,12700,66,67,8,3.5,3.52,72.9,180,1058,8.6%,6.67,5.78,4.77,141.1,26,30,1,10,13
104,Colin Kaepernick,2011,2016,2-36,SFO,NFL,69,58,1011,1692,59.75,12271,72,30,3,4.3,1.77,88.9,171,1060,9.2%,7.25,7.31,6.07,177.8,28,30,0,7,7
105,Rick Mirer,1993,2003,1-2,TOT,NFL,80,68,1088,2043,53.26,11969,50,76,3,2.4,3.72,63.5,199,1038,8.9%,5.86,4.67,3.80,149.6,24,44,0,8,9
106,Nick Foles,2012,2019,3-88,TOT,NFL,58,48,1051,1698,61.90,11901,71,35,4,4.2,2.06,88.2,97,661,5.4%,7.01,6.92,6.18,205.2,26,22,0,8,10
107,Jay Fiedler,1995,2005,,TOT,NFL,76,60,1008,1717,58.71,11844,69,66,8,4,3.84,77.1,114,734,6.2%,6.90,5.97,5.20,155.8,37,23,0,8,9
108,Tim Couch,1999,2003,1-1,CLE,NFL,62,59,1025,1714,59.80,11131,64,67,8,3.7,3.91,75.1,166,1119,8.8%,6.49,5.48,4.40,179.5,22,37,0,10,11
109,Charlie Batch,1998,2012,2-60,TOT,NFL,81,55,908,1604,56.61,11085,61,52,3,3.8,3.24,77.2,161,890,9.1%,6.91,6.21,5.14,136.9,25,30,0,9,11
110,Derek Anderson,2006,2018,6-213,TOT,NFL,78,49,909,1674,54.30,10878,60,64,9,3.6,3.82,70.4,81,563,4.6%,6.50,5.49,4.92,139.5,20,29,0,5,7
111,Billy Joe Tolliver,1989,1999,2-51,TOT,NFL,79,47,891,1707,52.20,10760,59,64,5,3.5,3.75,67.7,125,877,6.8%,6.30,5.31,4.47,136.2,15,32,0,5,5
112,Byron Leftwich,2003,2012,1-7,TOT,NFL,60,50,930,1605,57.94,10532,58,42,3,3.6,2.62,78.9,92,452,5.4%,6.56,6.11,5.51,175.5,24,26,0,7,10
113,Steve Bono,1987,1999,6-142,TOT,NFL,86,42,932,1690,55.15,10431,62,42,4,3.7,2.49,75.6,74,552,4.2%,6.17,5.79,5.23,121.3,28,14,0,6,5
114,Brian Hoyer,2009,2019,,TOT,NFL,69,38,873,1477,59.11,10274,52,34,2,3.5,2.30,82.5,86,618,5.5%,6.96,6.62,5.86,148.9,16,22,0,6,6
115,Dave Brown,1992,2001,1-1,TOT,NFL,73,60,892,1634,54.59,10248,44,58,6,2.7,3.55,67.9,181,1005,10.0%,6.27,5.21,4.14,140.4,26,34,0,2,4
116,Rex Grossman,2003,2012,1-22,TOT,NFL,54,47,863,1562,55.25,10232,56,60,5,3.6,3.84,71.4,92,698,5.6%,6.55,5.54,4.81,189.5,25,22,0,6,9
117,Jim McMahon,1987,1996,1-5,TOT,NFL,69,51,857,1462,58.62,9930,51,49,4,3.5,3.35,76.9,115,669,7.3%,6.79,5.98,5.12,143.9,33,18,0,9,11
118,Deshaun Watson,2017,2019,1-12,HTX,NFL,38,37,804,1204,66.78,9716,71,29,2,5.9,2.41,101.0,125,757,9.4%,8.07,8.17,6.83,255.7,24,13,0,8,10
119,Tyrod Taylor,2011,2019,6-180,TOT,NFL,70,46,839,1362,61.60,9562,54,20,2,4,1.47,89.8,142,774,9.4%,7.02,7.15,5.96,136.6,23,21,1,4,5
120,Patrick Mahomes,2017,2019,1-10,KAN,NFL,31,31,724,1099,65.88,9412,76,18,1,6.9,1.64,108.9,45,313,3.9%,8.56,9.21,8.57,303.6,24,7,0,3,4
Rk,Player,From,To,Draft,Tm,Lg,G,GS,Cmp,Att,Cmp%,Yds,TD,Int,Pick6,TD%,Int%,Rate,Sk,Yds,Sk%,Y/A,AY/A,ANY/A,Y/G,W,L,T,4QC,GWD
121,Robert Griffin,2012,2019,1-2,TOT,NFL,52,41,791,1254,63.08,9229,43,28,2,3.4,2.23,87.4,128,875,9.3%,7.36,7.04,5.76,177.5,16,25,0,4,5
122,Blaine Gabbert,2011,2018,1-10,TOT,NFL,56,48,842,1498,56.21,9063,48,47,7,3.2,3.14,71.7,138,916,8.4%,6.05,5.28,4.27,161.8,13,35,0,7,7
123,Vince Young,2006,2011,1-3,TOT,NFL,60,50,755,1304,57.90,8964,46,51,3,3.5,3.91,74.4,83,449,6.0%,6.87,5.82,5.15,149.4,31,19,0,7,13
124,Kyle Boller,2003,2011,1-19,TOT,NFL,67,47,861,1519,56.68,8931,48,54,6,3.2,3.55,69.5,123,802,7.5%,5.88,4.91,4.06,133.3,20,27,0,4,6
125,John Friesz,1990,2000,6-138,TOT,NFL,69,38,745,1364,54.62,8699,45,42,3,3.3,3.08,72.3,74,487,5.1%,6.38,5.65,5.02,126.1,13,25,0,7,7
126,Mitchell Trubisky,2017,2019,1-2,CHI,NFL,41,41,811,1280,63.36,8554,48,29,,3.8,2.27,85.8,93,573,6.8%,6.68,6.41,5.56,208.6,23,18,0,4,6
127,Shaun Hill,2005,2016,,TOT,NFL,49,35,757,1225,61.80,8295,49,30,3,4,2.45,84.9,84,533,6.4%,6.77,6.47,5.65,169.3,17,18,0,4,5
128,Tommy Maddox,1992,2005,1-25,TOT,NFL,92,36,686,1200,57.17,8087,48,54,7,4,4.50,72.4,94,541,7.3%,6.74,5.51,4.70,87.9,15,20,1,2,3
129,Jack Trudeau,1987,1995,2-47,TOT,NFL,55,38,669,1227,54.52,8018,34,51,3,2.8,4.16,66.7,74,504,5.7%,6.53,5.22,4.53,145.8,19,19,0,10,10
130,Steve Walsh,1989,1999,1-1,TOT,NFL,80,38,713,1317,54.14,7875,40,50,7,3,3.80,66.4,40,274,2.9%,5.98,4.88,4.53,98.4,20,18,0,4,9
131,Kent Graham,1992,2001,8-211,TOT,NFL,81,38,694,1339,51.83,7801,39,33,3,2.9,2.46,69.0,100,679,6.9%,5.83,5.30,4.46,96.3,17,21,0,8,9
132,Teddy Bridgewater,2014,2019,1-32,TOT,NFL,44,34,698,1070,65.23,7652,38,25,,3.6,2.34,88.3,97,653,8.3%,7.15,6.81,5.68,173.9,22,12,0,5,6
133,Craig Erickson,1992,1997,5-131,TOT,NFL,52,36,591,1092,54.12,7625,41,38,4,3.8,3.48,74.3,82,535,7.0%,6.98,6.17,5.28,146.6,14,21,0,2,2
134,Matt Moore,2007,2019,,TOT,NFL,55,32,645,1074,60.06,7597,49,36,4,4.6,3.35,82.8,87,606,7.5%,7.07,6.48,5.47,138.1,16,16,0,6,8
135,Baker Mayfield,2018,2019,1-1,CLE,NFL,30,29,627,1020,61.47,7552,49,35,3,4.8,3.43,85.9,65,458,6.0%,7.40,6.82,5.99,251.7,12,17,0,4,5
136,Brock Osweiler,2012,2018,2-57,TOT,NFL,49,30,697,1165,59.83,7418,37,31,,3.2,2.66,78.0,79,559,6.4%,6.37,5.81,4.99,151.4,15,15,0,5,5
137,Tarvaris Jackson,2006,2015,2-64,TOT,NFL,59,34,640,1073,59.65,7263,39,35,3,3.6,3.26,78.5,90,546,7.7%,6.77,6.03,5.09,123.1,17,17,0,3,4
138,Jimmy Garoppolo,2014,2019,2-62,TOT,NFL,42,26,565,837,67.50,6946,44,21,2,5.3,2.51,100.0,65,442,7.2%,8.30,8.22,7.14,165.4,21,5,0,7,7
139,Neil Lomax,1987,1988,2-33,CRD,NFL,26,26,530,906,58.50,6782,44,23,,4.9,2.54,87.6,94,665,9.4%,7.49,7.31,5.96,260.8,13,13,0,4,4
140,Christian Ponder,2011,2014,1-12,MIN,NFL,38,36,632,1057,59.79,6658,38,36,7,3.6,3.41,75.9,95,501,8.2%,6.30,5.49,4.60,175.2,14,21,1,2,3
Rk,Player,From,To,Draft,Tm,Lg,G,GS,Cmp,Att,Cmp%,Yds,TD,Int,Pick6,TD%,Int%,Rate,Sk,Yds,Sk%,Y/A,AY/A,ANY/A,Y/G,W,L,T,4QC,GWD
141,Brandon Weeden,2012,2018,1-22,TOT,NFL,35,25,559,965,57.93,6462,31,30,3,3.2,3.11,76.0,66,452,6.4%,6.70,5.94,5.12,184.6,6,19,0,2,3
142,Jacoby Brissett,2016,2019,3-91,TOT,NFL,38,32,584,975,59.90,6442,31,13,3,3.2,1.33,84.6,85,510,8.0%,6.61,6.64,5.63,169.5,12,20,0,2,3
143,Hugh Millen,1987,1995,3-71,TOT,NFL,40,25,560,928,60.34,6440,22,35,1,2.4,3.77,73.5,126,830,12.0%,6.94,5.72,4.25,161.0,7,18,0,3,5
144,Jim Miller,1995,2002,6-178,TOT,NFL,37,27,610,1046,58.32,6387,36,31,1,3.4,2.96,75.2,40,238,3.7%,6.11,5.46,5.04,172.6,15,12,0,5,6
145,Ty Detmer,1993,2003,9-230,TOT,NFL,54,25,546,946,57.72,6351,34,35,6,3.6,3.70,74.7,67,386,6.6%,6.71,5.77,5.00,117.6,11,14,0,5,6
146,Quincy Carter,2001,2004,2-53,TOT,NFL,38,34,542,960,56.46,6337,32,37,3,3.3,3.85,71.7,80,441,7.7%,6.60,5.53,4.68,166.8,18,16,0,5,7
147,Damon Huard,1998,2008,,TOT,NFL,64,27,574,946,60.68,6303,33,26,4,3.5,2.75,80.6,94,612,9.0%,6.66,6.12,4.98,98.5,15,12,0,6,8
148,J.P. Losman,2004,2011,1-22,TOT,NFL,45,33,564,952,59.24,6271,33,34,3,3.5,3.57,75.6,108,789,10.2%,6.59,5.67,4.35,139.4,10,23,0,3,6
149,Geno Smith,2013,2018,2-39,TOT,NFL,40,31,523,906,57.73,6182,29,36,8,3.2,3.97,72.7,81,556,8.2%,6.82,5.68,4.65,154.6,12,19,0,3,7
150,Colt McCoy,2010,2019,3-85,TOT,NFL,39,28,560,923,60.67,6080,29,27,1,3.1,2.93,78.4,89,540,8.8%,6.59,5.90,4.85,155.9,7,21,0,2,5
151,Trent Edwards,2007,2012,3-92,TOT,NFL,38,33,563,929,60.60,6033,26,30,6,2.8,3.23,75.5,69,482,6.9%,6.49,5.60,4.73,158.8,14,19,0,4,5
152,Frank Reich,1988,1998,3-57,TOT,NFL,114,20,498,912,54.61,5952,40,34,4,4.4,3.73,73.9,66,499,6.7%,6.53,5.73,4.83,52.2,5,15,0,2,2
153,Patrick Ramsey,2002,2008,1-32,TOT,NFL,37,24,511,913,55.97,5930,35,30,4,3.8,3.29,74.9,79,520,8.0%,6.50,5.78,4.80,160.3,10,14,0,0,2
154,Kelly Holcomb,1997,2007,,TOT,NFL,37,24,565,893,63.27,5916,39,38,4,4.4,4.26,79.2,71,540,7.4%,6.62,5.58,4.61,159.9,8,16,0,3,3
155,Sam Darnold,2018,2019,1-3,NYJ,NFL,26,26,512,855,59.88,5889,36,28,2,4.2,3.27,81.1,63,416,6.9%,6.89,6.26,5.37,226.5,11,15,0,3,4
156,Rob Johnson,1995,2003,4-99,TOT,NFL,48,29,494,806,61.29,5795,30,23,2,3.7,2.85,83.6,140,817,14.8%,7.19,6.65,4.80,120.7,12,17,0,4,4
157,Trevor Siemian,2015,2019,7-250,TOT,NFL,27,25,498,841,59.22,5689,30,24,3,3.6,2.85,79.6,66,424,7.3%,6.76,6.19,5.28,210.7,13,12,0,3,2
158,Kevin Kolb,2007,2012,2-36,TOT,NFL,34,21,449,755,59.47,5206,28,25,4,3.7,3.31,78.9,77,517,9.3%,6.90,6.15,4.96,153.1,9,12,0,4,3
159,Josh Allen,2018,2019,1-7,BUF,NFL,28,27,440,781,56.34,5163,30,21,2,3.8,2.69,78.2,66,450,7.8%,6.61,6.17,5.16,184.4,15,12,0,6,8
160,Mike Glennon,2013,2019,3-73,TOT,NFL,29,22,488,801,60.92,5163,36,20,1,4.5,2.50,84.3,65,491,7.5%,6.45,6.22,5.19,178.0,6,16,0,3,4
Rk,Player,From,To,Draft,Tm,Lg,G,GS,Cmp,Att,Cmp%,Yds,TD,Int,Pick6,TD%,Int%,Rate,Sk,Yds,Sk%,Y/A,AY/A,ANY/A,Y/G,W,L,T,4QC,GWD
161,Danny Kanell,1996,2003,4-130,TOT,NFL,43,24,491,956,51.36,5129,31,34,5,3.2,3.56,63.2,63,512,6.2%,5.37,4.41,3.64,119.3,10,13,1,1,3
162,Jake Locker,2011,2014,1-8,OTI,NFL,30,23,408,709,57.55,4967,27,22,1,3.8,3.10,79.0,60,378,7.8%,7.01,6.37,5.38,165.6,9,14,0,1,3
163,Seneca Wallace,2005,2013,4-110,TOT,NFL,64,22,468,788,59.39,4947,31,19,1,3.9,2.41,80.8,59,339,7.0%,6.28,5.98,5.16,77.3,6,16,0,2,2
164,Tim Rattay,2000,2007,7-212,TOT,NFL,40,18,432,714,60.50,4853,31,23,2,4.3,3.22,81.9,63,372,8.1%,6.80,6.22,5.23,121.3,5,13,0,1,1
165,Shane Matthews,1996,2004,,TOT,NFL,31,22,492,839,58.64,4756,31,24,4,3.7,2.86,75.0,34,208,3.9%,5.67,5.12,4.68,153.4,11,11,0,3,2
166,Gary Hogeboom,1987,1989,5-133,TOT,NFL,29,20,379,663,57.16,4732,30,31,4,4.5,4.68,75.1,60,417,8.3%,7.14,5.94,4.87,163.2,9,11,0,2,2
167,Marc Wilson,1987,1990,1-15,TOT,NFL,45,17,366,681,53.74,4701,21,24,,3.1,3.52,71.2,72,537,9.6%,6.90,5.93,4.65,104.5,3,14,0,1,1
168,A.J. Feeley,2001,2011,5-155,TOT,NFL,28,18,425,762,55.77,4618,28,31,6,3.7,4.07,69.1,44,276,5.5%,6.06,4.96,4.35,164.9,8,10,0,3,5
169,Shaun King,1999,2004,2-50,TOT,NFL,34,24,415,738,56.23,4566,27,24,2,3.7,3.25,73.4,61,419,7.6%,6.19,5.46,4.51,134.3,14,10,0,4,5
170,Todd Collins,1995,2010,2-45,TOT,NFL,50,21,391,701,55.78,4547,22,24,2,3.1,3.42,71.8,67,447,8.7%,6.49,5.57,4.51,90.9,11,10,0,3,5
171,Cody Carlson,1988,1994,3-64,OTI,NFL,45,19,370,659,56.15,4469,21,28,,3.2,4.25,70.0,54,374,7.6%,6.78,5.51,4.57,99.3,11,8,0,4,5
172,Doug Williams,1987,1989,1-17,WAS,NFL,20,14,345,616,56.01,4350,27,20,,4.4,3.25,79.3,19,151,3.0%,7.06,6.48,6.05,217.5,5,9,0,4,6
173,Steve Grogan,1987,1990,5-116,NWE,NFL,24,20,343,654,52.45,4329,27,39,3,4.1,5.96,62.3,32,264,4.7%,6.62,4.76,4.15,180.4,8,12,0,1,2
174,Lamar Jackson,2018,2019,1-32,RAV,NFL,31,22,364,571,63.75,4328,42,9,,7.4,1.58,104.7,39,177,6.4%,7.58,8.34,7.52,139.6,19,3,0,1,3
175,Sage Rosenfels,2002,2010,4-109,TOT,NFL,44,12,351,562,62.46,4156,30,29,1,5.3,5.16,81.2,19,127,3.3%,7.40,6.14,5.72,94.5,6,6,0,2,2
176,Charlie Frye,2005,2009,3-67,TOT,NFL,26,23,419,677,61.89,4154,17,29,1,2.5,4.28,69.7,79,487,10.4%,6.14,4.71,3.57,159.8,7,16,0,1,1
177,Steve Pelluer,1987,1990,5-113,TOT,NFL,46,21,328,588,55.78,4096,21,22,,3.6,3.74,73.9,34,208,5.5%,6.97,6.00,5.33,89.0,6,14,1,1,2
178,JaMarcus Russell,2007,2009,1-1,RAI,NFL,31,25,354,680,52.06,4083,18,23,,2.6,3.38,65.2,70,457,9.3%,6.00,5.01,3.93,131.7,7,18,0,3,4
179,Matt Leinart,2006,2012,1-10,TOT,NFL,33,18,366,641,57.10,4065,15,21,1,2.3,3.28,70.2,30,221,4.5%,6.34,5.34,4.77,123.2,8,10,0,2,2
180,Drew Stanton,2008,2017,2-43,TOT,NFL,38,17,345,659,52.35,4059,20,24,,3,3.64,66.3,38,226,5.5%,6.16,5.13,4.52,106.8,11,6,0,4,4
Rk,Player,From,To,Draft,Tm,Lg,G,GS,Cmp,Att,Cmp%,Yds,TD,Int,Pick6,TD%,Int%,Rate,Sk,Yds,Sk%,Y/A,AY/A,ANY/A,Y/G,W,L,T,4QC,GWD
181,Bruce Gradkowski,2006,2014,6-194,TOT,NFL,37,20,375,709,52.89,4057,21,24,1,3,3.39,65.8,53,333,7.0%,5.72,4.79,4.02,109.6,6,14,0,6,7
182,Kellen Clemens,2006,2017,2-49,TOT,NFL,64,21,350,638,54.86,4053,16,21,5,2.5,3.29,68.9,66,401,9.4%,6.35,5.37,4.30,63.3,8,13,0,1,2
183,David Klingler,1992,1997,1-6,TOT,NFL,33,24,389,718,54.18,3994,16,22,,2.2,3.06,65.1,87,539,10.8%,5.56,4.63,3.46,121.0,4,20,0,1,1
184,Chris Weinke,2001,2007,4-106,TOT,NFL,29,20,386,709,54.44,3904,15,26,5,2.1,3.67,62.2,47,298,6.2%,5.51,4.28,3.62,134.6,2,18,0,1,1
185,Sean Salisbury,1987,1996,,TOT,NFL,40,12,318,577,55.11,3824,19,19,3,3.3,3.29,72.9,43,326,6.9%,6.63,5.80,4.88,95.6,6,6,0,1,2
186,Jamie Martin,1996,2007,,TOT,NFL,53,8,355,541,65.62,3814,20,21,2,3.7,3.88,82.3,36,230,6.2%,7.05,6.04,5.27,72.0,4,4,0,3,4
187,EJ Manuel,2013,2017,1-16,TOT,NFL,30,18,343,590,58.14,3767,20,16,2,3.4,2.71,77.1,47,297,7.4%,6.38,5.84,4.95,125.6,6,12,0,1,3
188,Billy Volek,2001,2011,,TOT,NFL,39,10,337,561,60.07,3754,27,15,4,4.8,2.67,84.9,49,320,8.0%,6.69,6.45,5.41,96.3,3,7,0,2,2
189,Kyler Murray,2019,2019,1-1,CRD,NFL,16,16,349,542,64.39,3722,20,12,2,3.7,2.21,87.4,48,309,8.1%,6.87,6.61,5.55,232.6,5,10,1,1,2
190,John Skelton,2010,2012,5-155,CRD,NFL,20,17,320,602,53.16,3707,15,25,3,2.5,4.15,63.0,47,325,7.2%,6.16,4.79,3.94,185.4,8,9,0,6,7
191,Heath Shuler,1994,1997,1-3,TOT,NFL,29,22,292,593,49.24,3691,15,33,2,2.5,5.56,54.3,46,291,7.2%,6.22,4.23,3.47,127.3,8,14,0,3,2
192,Timm Rosenbach,1989,1992,1-2,CRD,NFL,26,20,295,551,53.54,3676,16,24,2,2.9,4.36,66.0,52,336,8.6%,6.67,5.29,4.28,141.4,5,15,0,1,1
193,Ryan Leaf,1998,2001,1-2,TOT,NFL,25,21,317,655,48.40,3666,14,36,6,2.1,5.50,50.0,65,377,9.0%,5.60,3.55,2.71,146.6,4,17,0,2,3
194,Anthony Wright,2000,2007,,TOT,NFL,31,19,332,605,54.88,3590,20,25,3,3.3,4.13,66.3,55,394,8.3%,5.93,4.74,3.74,115.8,8,11,0,3,3
195,Kyle Allen,2018,2019,,CAR,NFL,15,13,323,520,62.12,3588,19,16,,3.7,3.08,82.0,46,397,8.1%,6.90,6.25,5.04,239.2,6,7,0,0,1
196,Eric Zeier,1995,2000,3-84,TOT,NFL,28,12,301,537,56.05,3520,16,15,1,3,2.79,74.4,59,389,9.9%,6.55,5.89,4.66,125.7,4,8,0,1,2
197,Chuck Long,1987,1991,1-12,TOT,NFL,24,19,310,567,54.67,3500,17,26,1,3,4.59,64.3,35,261,5.8%,6.17,4.71,4.00,145.8,4,15,0,0,1
198,Mark Malone,1987,1989,1-28,TOT,NFL,25,20,305,610,50.00,3489,12,32,1,2,5.25,52.3,27,196,4.2%,5.72,3.75,3.29,139.6,8,12,0,3,3
199,Tom Tupa,1988,2004,3-68,TOT,NFL,220,13,259,504,51.39,3430,12,25,3,2.4,4.96,60.5,47,372,8.5%,6.81,5.05,3.94,15.6,4,9,0,1,1
200,Bob Gagliano,1987,1992,12-319,TOT,NFL,30,13,248,485,51.13,3424,17,27,4,3.5,5.57,62.6,50,330,9.3%,7.06,5.26,4.15,114.1,7,6,0,1,2
201,Billy Joe Hobert,1995,1999,3-58,TOT,NFL,29,17,275,527,52.18,3371,23,25,1,4.4,4.74,67.0,31,195,5.6%,6.40,5.13,4.50,116.2,4,13,0,0,2
202,Vince Evans,1987,1995,6-140,RAI,NFL,44,7,240,437,54.92,3313,21,21,3,4.8,4.81,75.4,46,317,9.5%,7.58,6.38,5.12,75.3,2,5,0,2,2
203,Gardner Minshew,2019,2019,6-178,JAX,NFL,14,12,285,470,60.64,3271,21,6,,4.5,1.28,91.2,33,184,6.6%,6.96,7.28,6.44,233.6,6,6,0,3,3
204,Tyler Thigpen,2007,2014,7-217,TOT,NFL,29,12,275,509,54.03,3222,21,18,2,4.1,3.54,72.5,35,221,6.4%,6.33,5.56,4.80,111.1,1,11,0,0,1
205,Chris Redman,2000,2011,3-75,TOT,NFL,31,12,286,500,57.20,3179,21,14,5,4.2,2.80,78.6,34,198,6.4%,6.36,5.94,5.19,102.5,4,8,0,2,2
206,Craig Whelihan,1997,1998,6-197,SDG,NFL,19,14,267,557,47.94,3160,14,29,2,2.5,5.21,52.4,36,279,6.1%,5.67,3.83,3.13,166.3,2,12,0,2,2
207,Dan Orlovsky,2005,2015,5-145,TOT,NFL,27,12,298,512,58.20,3132,15,13,1,2.9,2.54,75.3,29,182,5.4%,6.12,5.56,4.93,116.0,2,10,0,1,1
208,Chris Simms,2004,2009,3-97,TOT,NFL,23,16,297,511,58.12,3117,12,18,2,2.3,3.52,69.1,49,361,8.8%,6.10,4.98,3.90,135.5,7,9,0,3,3
209,Cade McNown,1999,2000,1-12,CHI,NFL,25,15,281,515,54.56,3111,16,19,,3.1,3.69,67.7,45,263,8.0%,6.04,5.00,4.13,124.4,3,12,0,0,1
210,DeShone Kizer,2017,2018,2-52,TOT,NFL,18,15,275,518,53.09,3081,11,24,1,2.1,4.63,58.9,42,264,7.5%,5.95,4.29,3.49,171.2,0,15,0,,
211,Brady Quinn,2007,2012,1-22,TOT,NFL,24,20,296,550,53.82,3043,12,17,3,2.2,3.09,64.4,41,236,6.9%,5.53,4.58,3.86,126.8,4,16,0,1,2
212,Ray Lucas,1996,2002,,TOT,NFL,55,15,280,483,57.97,3029,18,17,2,3.7,3.52,74.3,29,183,5.7%,6.27,5.43,4.77,55.1,8,7,0,3,3
213,Daniel Jones,2019,2019,1-6,NYG,NFL,13,12,284,459,61.87,3027,24,12,,5.2,2.61,87.7,38,295,7.6%,6.59,6.46,5.38,232.8,3,9,0,1,2
214,Randy Wright,1987,1988,6-153,GNB,NFL,17,14,273,491,55.60,2997,10,24,4,2,4.89,60.3,40,276,7.5%,6.10,4.31,3.47,176.3,2,12,0,0,1
215,Alex Van Pelt,1995,2003,8-216,BUF,NFL,31,11,262,477,54.93,2985,16,24,1,3.4,5.03,64.1,19,113,3.8%,6.26,4.66,4.26,96.3,3,8,0,1,3
216,Danny White,1987,1988,3-53,DAL,NFL,14,9,244,404,60.40,2891,13,20,,3.2,4.95,72.3,49,400,10.8%,7.16,5.57,4.09,206.5,3,6,0,3,3
217,Mike McMahon,2001,2005,5-149,TOT,NFL,29,14,229,515,44.47,2867,15,21,5,2.9,4.08,55.1,55,338,9.6%,5.57,4.31,3.31,98.9,3,11,0,3,3
218,Josh Rosen,2018,2019,1-10,TOT,NFL,20,16,275,502,54.78,2845,12,19,4,2.4,3.78,63.5,61,413,10.8%,5.67,4.44,3.23,142.3,3,13,0,1,2
219,Doug Pederson,1993,2004,,TOT,NFL,100,17,286,522,54.79,2762,12,19,1,2.3,3.64,62.3,40,244,7.1%,5.29,4.11,3.39,27.6,3,14,0,1,1
220,C.J. Beathard,2017,2018,3-104,SFO,NFL,13,10,225,393,57.25,2682,12,13,1,3.1,3.31,74.6,37,297,8.6%,6.82,5.95,4.74,206.3,1,9,0,,
Rk,Player,From,To,Draft,Tm,Lg,G,GS,Cmp,Att,Cmp%,Yds,TD,Int,Pick6,TD%,Int%,Rate,Sk,Yds,Sk%,Y/A,AY/A,ANY/A,Y/G,W,L,T,4QC,GWD
221,Bill Kenney,1987,1988,12-333,KAN,NFL,27,13,212,387,54.78,2656,15,14,,3.9,3.62,74.2,35,268,8.3%,6.86,6.01,4.88,98.4,3,10,0,0,1
222,Tommy Kramer,1987,1990,1-27,TOT,NFL,25,15,201,393,51.15,2624,16,20,1,4.1,5.09,64.9,32,183,7.5%,6.68,5.20,4.38,105.0,10,5,0,1,1
223,Paul Justin,1995,1999,7-190,TOT,NFL,34,10,220,380,57.89,2614,8,10,,2.1,2.63,75.0,28,229,6.9%,6.88,6.12,5.13,76.9,3,7,0,2,2
224,Doug Johnson,2000,2004,,TOT,NFL,25,11,218,384,56.77,2600,13,18,3,3.4,4.69,69.4,38,226,9.0%,6.77,5.34,4.32,104.0,2,9,0,2,3
225,Austin Davis,2012,2017,,TOT,NFL,16,10,236,378,62.43,2548,13,12,4,3.4,3.17,80.4,40,275,9.6%,6.74,6.00,4.77,159.3,3,7,0,1,2
226,Bobby Hoying,1996,2000,3-85,TOT,NFL,22,13,244,456,53.51,2544,11,15,3,2.4,3.29,64.3,64,378,12.3%,5.58,4.58,3.29,115.6,3,9,1,3,2
227,Matt Flynn,2008,2014,7-209,TOT,NFL,53,7,219,357,61.34,2541,17,11,4,4.8,3.08,85.9,39,209,9.8%,7.12,6.68,5.50,47.9,3,4,0,4,3
228,Jimmy Clausen,2010,2015,2-48,TOT,NFL,22,14,255,472,54.03,2520,7,14,3,1.5,2.97,61.9,43,281,8.3%,5.34,4.30,3.40,114.5,1,13,0,0,0
229,Dan Fouts,1987,1987,3-64,SDG,NFL,11,10,206,364,56.59,2517,10,15,,2.7,4.12,70.0,24,176,6.2%,6.91,5.61,4.81,228.8,5,5,0,2,2
230,Matt Barkley,2013,2019,4-98,TOT,NFL,14,7,201,342,58.77,2502,10,21,,2.9,6.14,65.7,12,85,3.4%,7.32,5.14,4.72,178.7,2,5,0,,
231,Browning Nagle,1991,1996,2-34,TOT,NFL,24,14,213,437,48.74,2489,8,20,,1.8,4.58,53.5,36,274,7.6%,5.70,4.00,3.12,103.7,4,10,0,0,0
232,Glenn Foley,1994,1999,7-208,TOT,NFL,21,9,207,382,54.19,2469,12,16,2,3.1,4.19,67.2,27,193,6.6%,6.46,5.21,4.39,117.6,2,7,0,2,3
233,Chad Hutchinson,2002,2004,,TOT,NFL,15,14,220,413,53.27,2466,11,11,2,2.7,2.66,69.1,57,425,12.1%,5.97,5.31,3.76,164.4,3,11,0,1,1
234,Charlie Whitehurst,2006,2016,3-81,TOT,NFL,26,9,219,396,55.30,2463,11,8,,2.8,2.02,74.9,38,204,8.8%,6.22,5.87,4.88,94.7,2,7,0,1,1
235,Tim Tebow,2010,2012,1-25,TOT,NFL,35,16,173,361,47.92,2422,17,9,2,4.7,2.49,75.3,41,258,10.2%,6.71,6.53,5.22,69.2,8,6,0,6,6
236,Donald Hollas,1991,1998,4-99,TOT,NFL,32,8,202,375,53.87,2399,13,21,3,3.5,5.60,61.8,52,329,12.2%,6.40,4.57,3.24,75.0,4,4,0,2,1
237,Luke McCown,2004,2015,4-106,TOT,NFL,62,10,216,356,60.67,2370,9,15,1,2.5,4.21,71.3,34,271,8.7%,6.66,5.27,4.11,38.2,2,8,0,1,1
238,Zach Mettenberger,2014,2015,6-178,OTI,NFL,14,10,208,345,60.29,2347,12,14,2,3.5,4.06,75.4,31,236,8.2%,6.80,5.67,4.58,167.6,0,10,0,,
239,Kelly Stouffer,1988,1992,1-6,SEA,NFL,22,16,225,437,51.49,2333,7,19,3,1.6,4.35,54.5,50,431,10.3%,5.34,3.70,2.44,106.0,5,11,0,,
240,John Fourcade,1987,1990,,NOR,NFL,24,11,159,313,50.80,2312,14,15,,4.5,4.79,70.1,27,207,7.9%,7.39,6.12,5.03,96.3,7,4,0,2,3
Rk,Player,From,To,Draft,Tm,Lg,G,GS,Cmp,Att,Cmp%,Yds,TD,Int,Pick6,TD%,Int%,Rate,Sk,Yds,Sk%,Y/A,AY/A,ANY/A,Y/G,W,L,T,4QC,GWD
241,Jeff Kemp,1987,1991,,TOT,NFL,62,9,187,363,51.52,2281,14,23,,3.9,6.34,57.7,26,140,6.7%,6.28,4.20,3.56,36.8,4,5,0,2,2
242,Nick Mullens,2018,2019,,SFO,NFL,9,8,176,274,64.23,2277,13,10,2,4.7,3.65,90.8,17,127,5.8%,8.31,7.62,6.74,253.0,3,5,0,0,1
243,Rusty Hilger,1987,1991,6-143,TOT,NFL,17,14,181,413,43.83,2264,9,18,1,2.2,4.36,50.5,43,331,9.4%,5.48,3.96,2.86,133.2,5,9,0,,
244,Scott Campbell,1987,1990,7-191,ATL,NFL,20,11,172,336,51.19,2255,14,18,2,4.2,5.36,64.3,34,233,9.2%,6.71,5.13,4.03,112.8,2,9,0,1,1
245,Brooks Bollinger,2004,2008,6-200,TOT,NFL,21,10,211,360,58.61,2226,9,9,1,2.5,2.50,74.6,49,301,12.0%,6.18,5.56,4.16,106.0,2,8,0,2,1
246,Cody Kessler,2016,2018,3-93,TOT,NFL,17,12,224,349,64.18,2215,8,5,,2.3,1.43,83.7,49,337,12.3%,6.35,6.16,4.56,130.3,2,10,0,,
247,Akili Smith,1999,2002,1-3,CIN,NFL,22,17,215,461,46.64,2212,5,13,1,1.1,2.82,52.8,59,327,11.3%,4.80,3.75,2.69,100.5,3,14,0,1,1
248,Cleo Lemon,2005,2008,,TOT,NFL,16,8,211,379,55.67,2185,8,7,,2.1,1.85,71.8,30,190,7.3%,5.77,5.36,4.50,136.6,1,7,0,1,1
249,Danny Wuerffel,1997,2002,4-99,TOT,NFL,25,10,184,350,52.57,2123,12,22,4,3.4,6.29,56.4,57,362,14.0%,6.07,3.92,2.48,84.9,4,6,0,2,2
250,Stan Gelbaugh,1989,1996,6-150,TOT,NFL,20,12,192,391,49.10,2100,10,22,2,2.6,5.63,50.5,46,377,10.5%,5.37,3.35,2.14,105.0,1,11,0,1,1
251,Ken Dorsey,2004,2008,7-241,TOT,NFL,17,13,214,408,52.45,2082,8,18,4,2,4.41,55.2,25,172,5.8%,5.10,3.51,2.91,122.5,2,11,0,0,1
252,T.J. Yates,2011,2017,5-152,TOT,NFL,22,10,179,324,55.25,2057,10,11,2,3.1,3.40,70.7,36,189,10.0%,6.35,5.44,4.37,93.5,4,6,0,2,3
253,Jason Garrett,1993,2000,,TOT,NFL,25,9,165,294,56.12,2042,11,5,,3.7,1.70,83.2,20,110,6.4%,6.95,6.93,6.14,81.7,6,3,0,,
254,Tom Savage,2014,2017,4-135,HTX,NFL,13,9,181,315,57.46,2000,5,7,,1.6,2.22,72.5,27,200,7.9%,6.35,5.67,4.63,153.8,2,7,0,3,3
255,Terrelle Pryor,2011,2018,3-1,TOT,NFL,51,30,175,311,56.27,1994,9,12,1,2.9,3.86,69.3,32,204,9.3%,6.41,5.25,4.17,39.1,3,7,0,,
256,Koy Detmer,1998,2006,7-207,PHI,NFL,104,8,184,354,51.98,1944,10,14,1,2.8,3.95,61.2,12,77,3.3%,5.49,4.28,3.93,18.7,3,5,0,,
257,Andrew Walter,2006,2008,3-69,RAI,NFL,15,9,174,333,52.25,1919,3,16,,0.9,4.80,52.6,51,295,13.3%,5.76,3.78,2.51,127.9,2,7,0,,
258,Todd Bouman,2001,2010,,TOT,NFL,44,7,147,264,55.68,1905,13,13,4,4.9,4.92,74.4,17,122,6.0%,7.22,5.98,5.19,43.3,1,6,0,,
259,Brett Hundley,2016,2019,5-147,TOT,NFL,18,9,199,337,59.05,1902,9,13,,2.7,3.86,67.6,31,208,8.4%,5.64,4.44,3.50,105.7,3,6,0,2,2
260,Steve Stenstrom,1996,1999,4-134,TOT,NFL,17,10,177,314,56.37,1895,4,12,3,1.3,3.82,62.5,32,227,9.2%,6.04,4.57,3.49,111.5,1,9,0,,
Rk,Player,From,To,Draft,Tm,Lg,G,GS,Cmp,Att,Cmp%,Yds,TD,Int,Pick6,TD%,Int%,Rate,Sk,Yds,Sk%,Y/A,AY/A,ANY/A,Y/G,W,L,T,4QC,GWD
261,Mike Pagel,1987,1993,4-84,TOT,NFL,80,7,167,352,47.44,1887,10,16,2,2.8,4.55,54.5,6,49,1.7%,5.36,3.88,3.68,23.6,2,5,0,0,1
262,Tony Eason,1987,1990,1-15,TOT,NFL,27,10,162,291,55.67,1873,7,11,,2.4,3.78,67.6,31,237,9.6%,6.44,5.22,3.98,69.4,3,7,0,1,2
263,Matt McGloin,2013,2016,,RAI,NFL,13,7,161,277,58.12,1868,11,11,1,4,3.97,75.3,9,81,3.1%,6.74,5.75,5.29,143.7,1,6,0,,
264,J.T. O'Sullivan,2004,2009,6-186,TOT,NFL,17,8,145,257,56.42,1866,9,13,2,3.5,5.06,69.9,38,246,12.9%,7.26,5.68,4.12,109.8,2,6,0,1,1
265,Ryan Mallett,2012,2017,3-74,TOT,NFL,21,8,190,345,55.07,1835,9,10,,2.6,2.90,66.8,7,37,2.0%,5.32,4.54,4.34,87.4,3,5,0,,
266,Stoney Case,1995,2000,3-80,TOT,NFL,20,6,163,318,51.26,1826,4,15,4,1.3,4.72,53.3,39,280,10.9%,5.74,3.87,2.66,91.3,3,3,0,1,1
267,Tom Hodson,1990,1995,3-59,TOT,NFL,36,12,174,320,54.38,1823,7,11,,2.2,3.44,64.1,41,300,11.4%,5.70,4.59,3.24,50.6,1,11,0,,
268,Jeff Rutledge,1987,1992,9-246,TOT,NFL,57,5,141,262,53.82,1805,8,13,1,3.1,4.96,65.1,27,197,9.3%,6.89,5.27,4.09,31.7,2,3,0,2,3
269,Mason Rudolph,2019,2019,3-76,PIT,NFL,10,8,176,283,62.19,1765,13,9,,4.6,3.18,82.0,15,124,5.0%,6.24,5.72,5.02,176.5,5,3,0,1,1
270,Troy Smith,2007,2010,5-174,TOT,NFL,20,8,121,234,51.71,1734,8,5,,3.4,2.14,78.5,23,142,8.9%,7.41,7.13,5.94,86.7,4,4,0,2,2
271,Jeff Driskel,2018,2019,6-207,TOT,NFL,12,8,167,281,59.43,1688,10,6,,3.6,2.14,79.6,27,168,8.8%,6.01,5.76,4.71,140.7,1,7,0,,
272,Curtis Painter,2009,2013,6-201,TOT,NFL,14,8,148,287,51.57,1681,6,13,1,2.1,4.53,57.6,20,126,6.5%,5.86,4.24,3.55,120.1,0,8,0,,
273,Johnny Manziel,2014,2015,1-22,CLE,NFL,15,8,147,258,56.98,1675,7,7,,2.7,2.71,74.4,22,167,7.9%,6.49,5.81,4.76,111.7,2,6,0,,
274,Brodie Croyle,2006,2010,3-85,KAN,NFL,18,10,181,319,56.74,1669,8,9,2,2.5,2.82,67.8,26,168,7.5%,5.23,4.46,3.64,92.7,0,10,0,,
275,Josh Johnson,2009,2018,5-160,TOT,NFL,33,8,148,268,55.22,1632,8,14,2,3,5.22,61.7,26,166,8.8%,6.09,4.34,3.39,49.5,1,7,0,1,1
276,Chase Daniel,2010,2019,,TOT,NFL,65,5,149,218,68.35,1430,7,5,1,3.2,2.29,87.5,23,126,9.5%,6.56,6.17,5.06,22.0,2,3,0,1,0
277,John Beck,2007,2011,2-40,TOT,NFL,9,7,140,239,58.58,1417,3,7,,1.3,2.93,67.6,26,153,9.8%,5.93,4.86,3.81,157.4,0,7,0,,
278,T.J. Rubley,1993,1995,9-228,TOT,NFL,10,7,112,195,57.44,1377,8,7,1,4.1,3.59,78.1,13,106,6.3%,7.06,6.27,5.37,137.7,2,5,0,1,1
279,Ryan Lindley,2012,2015,6-185,TOT,NFL,10,6,140,274,51.09,1372,3,11,3,1.1,4.01,52.4,18,137,6.2%,5.01,3.42,2.74,137.2,1,5,0,0,0
280,Pat Ryan,1987,1991,11-281,TOT,NFL,40,6,120,222,54.05,1372,10,13,,4.5,5.86,63.5,12,78,5.1%,6.18,4.45,3.88,34.3,3,3,0,1,2
Rk,Player,From,To,Draft,Tm,Lg,G,GS,Cmp,Att,Cmp%,Yds,TD,Int,Pick6,TD%,Int%,Rate,Sk,Yds,Sk%,Y/A,AY/A,ANY/A,Y/G,W,L,T,4QC,GWD
281,Dwayne Haskins,2019,2019,1-15,WAS,NFL,9,7,119,203,58.62,1365,7,7,1,3.4,3.45,76.1,29,204,12.5%,6.72,5.86,4.25,151.7,2,5,0,1,1
282,Bryce Petty,2016,2017,4-103,NYJ,NFL,10,7,130,245,53.06,1353,4,10,,1.6,4.08,57.7,21,134,7.9%,5.52,4.01,3.19,135.3,1,6,0,1,1
283,Todd Marinovich,1991,1992,1-24,RAI,NFL,8,8,104,205,50.73,1345,8,9,1,3.9,4.39,66.4,20,154,8.9%,6.56,5.37,4.20,168.1,3,5,0,0,1
284,Quinn Gray,2005,2008,,TOT,NFL,12,4,108,188,57.45,1328,13,5,1,6.9,2.66,91.4,12,86,6.0%,7.06,7.25,6.39,110.7,2,2,0,1,1
285,Scott Zolak,1992,1999,4-84,TOT,NFL,55,7,124,248,50.00,1314,8,7,,3.2,2.82,64.8,25,214,9.2%,5.30,4.67,3.46,23.9,3,4,0,2,2
286,Scott Secules,1989,1993,6-151,TOT,NFL,57,4,108,204,52.94,1311,4,14,1,2,6.86,50.9,9,43,4.2%,6.43,3.73,3.37,23.0,0,4,0,1,1
287,Landry Jones,2013,2017,4-115,PIT,NFL,19,5,108,169,63.91,1310,8,7,,4.7,4.14,86.2,9,66,5.1%,7.75,6.83,6.12,68.9,3,2,0,1,2
288,Thaddeus Lewis,2012,2014,,TOT,NFL,7,6,115,189,60.85,1296,5,4,,2.6,2.12,81.4,21,114,10.0%,6.86,6.43,5.25,185.1,2,4,0,1,1
289,Tom Ramsey,1987,1989,10-267,TOT,NFL,23,5,107,211,50.71,1278,7,10,2,3.3,4.74,60.9,20,122,8.7%,6.06,4.59,3.66,55.6,2,3,0,1,0
290,Anthony Dilweg,1989,1990,3-74,GNB,NFL,10,7,102,193,52.85,1274,8,7,,4.1,3.63,72.3,22,150,10.2%,6.60,5.80,4.51,127.4,2,5,0,1,1
291,Peter Tom Willis,1990,1993,3-63,CHI,NFL,21,3,104,183,56.83,1261,6,15,3,3.3,8.20,54.9,18,94,9.0%,6.89,3.86,3.04,60.0,0,3,0,,
292,Bucky Richardson,1992,1994,8-220,OTI,NFL,16,4,97,185,52.43,1257,6,6,,3.2,3.24,71.4,25,151,11.9%,6.79,5.98,4.55,78.6,1,3,0,,
293,Steve Dils,1987,1988,4-97,TOT,NFL,22,7,105,213,49.30,1212,7,9,,3.3,4.23,60.2,22,163,9.4%,5.69,4.45,3.34,55.1,1,6,0,,
294,Jonathan Quinn,1998,2004,3-86,TOT,NFL,17,6,117,223,52.47,1161,4,7,2,1.8,3.14,60.4,30,201,11.9%,5.21,4.15,2.87,68.3,1,5,0,,
295,A.J. McCarron,2014,2019,5-164,TOT,NFL,15,4,108,173,62.43,1153,6,3,1,3.5,1.73,86.2,19,122,9.9%,6.66,6.58,5.29,76.9,2,2,0,0,0
296,Todd Philcox,1990,1997,,TOT,NFL,15,5,85,173,49.13,1138,7,11,2,4,6.36,57.4,18,119,9.4%,6.58,4.53,3.48,75.9,2,3,0,,
297,Andre Ware,1990,1993,1-7,DET,NFL,14,6,83,161,51.55,1112,5,8,,3.1,4.97,63.5,27,146,14.4%,6.91,5.29,3.76,79.4,3,3,0,,
298,Scott Tolzien,2012,2017,,TOT,NFL,10,4,88,146,60.27,1065,2,9,3,1.4,6.16,61.6,11,84,7.0%,7.29,4.79,3.92,106.5,0,3,1,0,0
299,Devlin Hodges,2019,2019,,PIT,NFL,8,6,100,160,62.50,1063,5,8,,3.1,5.00,71.4,15,102,8.6%,6.64,5.02,4.01,132.9,3,3,0,0,1
300,Blair Kiel,1987,1991,11-281,TOT,NFL,12,3,97,168,57.74,1060,6,7,1,3.6,4.17,71.0,10,75,5.6%,6.31,5.15,4.44,88.3,0,3,0,,
301,Babe Laufenberg,1988,1990,6-168,TOT,NFL,15,7,93,211,44.08,1057,5,11,2,2.4,5.21,45.9,22,184,9.4%,5.01,3.14,2.05,70.5,2,5,0,1,1
302,Drew Lock,2019,2019,2-42,DEN,NFL,5,5,100,156,64.10,1020,7,3,,4.5,1.92,89.7,5,26,3.1%,6.54,6.57,6.20,204.0,4,1,0,1,2
303,Tim Hasselbeck,2002,2007,,TOT,NFL,12,5,95,177,53.67,1012,5,7,,2.8,3.95,63.6,9,44,4.8%,5.72,4.50,4.05,84.3,1,4,0,,
304,Tony Graziani,1997,1999,7-204,ATL,NFL,18,5,85,174,48.85,999,2,8,,1.1,4.60,51.4,15,100,7.9%,5.74,3.90,3.06,55.5,2,3,0,1,1
305,David Blough,2019,2019,,DET,NFL,5,5,94,174,54.02,984,4,6,1,2.3,3.45,64.0,14,104,7.4%,5.66,4.56,3.67,196.8,0,5,0,,
306,Gary Kubiak,1987,1991,8-197,DEN,NFL,76,2,92,158,58.23,984,7,11,1,4.4,6.96,62.3,16,107,9.2%,6.23,3.98,3.00,12.9,1,1,0,1,0
307,Todd Blackledge,1987,1989,1-7,TOT,NFL,9,7,75,170,44.12,930,4,7,,2.4,4.12,52.3,15,93,8.1%,5.47,4.09,3.25,103.3,3,4,0,0,0
308,Jim Sorgi,2004,2009,6-193,CLT,NFL,16,0,99,156,63.46,929,6,1,,3.8,0.64,89.9,6,37,3.7%,5.96,6.44,5.97,58.1,0,0,0,,
309,Joe Ferguson,1988,1990,3-57,TOT,NFL,8,3,77,144,53.47,922,6,9,,4.2,6.25,61.2,6,45,4.0%,6.40,4.42,3.95,115.3,0,3,0,,
310,Erik Wilhelm,1989,1996,3-83,CIN,NFL,22,1,77,136,56.62,912,5,6,,3.7,4.41,71.1,8,43,5.6%,6.71,5.46,4.85,41.5,0,1,0,,
311,Joe Webb,2010,2018,6-199,TOT,NFL,102,4,90,159,56.60,888,3,6,,1.9,3.77,63.1,11,69,6.5%,5.58,4.26,3.58,8.7,1,1,0,0,2
312,Don Strock,1987,1988,5-111,TOT,NFL,16,2,68,114,59.65,850,6,6,1,5.3,5.26,78.5,4,26,3.4%,7.46,6.14,5.71,53.1,2,0,0,1,1
313,Gale Gilbert,1990,1995,,TOT,NFL,33,2,85,143,59.44,841,5,7,,3.5,4.90,67.4,14,80,8.9%,5.88,4.38,3.48,25.5,0,2,0,2,1
314,Tyler Palko,2010,2011,,KAN,NFL,8,4,84,140,60.00,831,2,7,,1.4,5.00,60.7,13,93,8.5%,5.94,3.97,3.03,103.9,1,3,0,,
315,Mark Herrmann,1987,1992,4-98,TOT,NFL,18,3,72,111,64.86,822,2,10,1,1.8,9.01,55.5,7,64,5.9%,7.41,3.71,2.95,45.7,1,2,0,,
316,Paxton Lynch,2016,2017,1-26,DEN,NFL,5,4,79,128,61.72,792,4,4,,3.1,3.13,76.7,18,93,12.3%,6.19,5.41,4.10,158.4,1,3,0,,
317,Brent Pease,1987,1988,11-295,OTI,NFL,20,3,62,135,45.93,792,3,9,1,2.2,6.67,44.4,7,54,4.9%,5.87,3.31,2.77,39.6,2,1,0,,
318,Mike Buck,1991,1995,6-156,TOT,NFL,12,1,55,92,59.78,790,5,4,,5.4,4.35,87.7,5,27,5.2%,8.59,7.72,7.04,65.8,0,1,0,,
319,Kellen Moore,2012,2015,,TOT,NFL,3,2,61,104,58.65,779,4,6,,3.8,5.77,71.0,5,23,4.6%,7.49,5.66,5.19,259.7,0,2,0,0,0
320,Mark Vlasic,1987,1991,4-88,TOT,NFL,15,4,75,142,52.82,762,4,5,,2.8,3.52,63.2,6,61,4.1%,5.37,4.35,3.76,50.8,2,2,0,1,1
Rk,Player,From,To,Draft,Tm,Lg,G,GS,Cmp,Att,Cmp%,Yds,TD,Int,Pick6,TD%,Int%,Rate,Sk,Yds,Sk%,Y/A,AY/A,ANY/A,Y/G,W,L,T,4QC,GWD
321,Ken Karcher,1987,1988,,DEN,NFL,4,3,62,114,54.39,756,6,4,1,5.3,3.51,78.0,5,45,4.2%,6.63,6.11,5.47,189.0,2,1,0,,
322,Cliff Stoudt,1987,1989,5-121,TOT,NFL,31,2,63,114,55.26,747,6,8,,5.3,7.02,63.7,13,85,10.2%,6.55,4.45,3.32,24.1,0,2,0,1,1
323,Dan McGwire,1991,1995,1-16,TOT,NFL,13,5,74,148,50.00,745,2,6,,1.4,4.05,52.3,21,161,12.4%,5.03,3.48,2.09,57.3,2,3,0,,
324,Kyle Mackey,1987,1989,11-296,TOT,NFL,7,4,68,134,50.75,729,3,6,,2.2,4.48,55.8,7,42,5.0%,5.44,3.87,3.38,104.1,1,3,0,,
325,Craig Krenzel,2004,2004,5-148,CHI,NFL,6,5,59,127,46.46,718,3,6,,2.4,4.72,52.5,23,158,15.3%,5.65,4.00,2.33,119.7,3,2,0,1,1
326,Casey Weldon,1993,1999,4-102,TOT,NFL,26,0,60,120,50.00,713,1,4,,0.8,3.33,57.4,12,76,9.1%,5.94,4.61,3.61,27.4,0,0,0,1,2
327,Brock Huard,2000,2003,3-77,TOT,NFL,8,4,60,107,56.07,689,4,2,,3.7,1.87,80.3,15,80,12.3%,6.44,6.35,4.91,86.1,0,4,0,,
328,Caleb Hanie,2009,2012,,TOT,NFL,10,4,59,116,50.86,679,3,10,2,2.6,8.62,41.6,21,148,15.3%,5.85,2.49,1.03,67.9,0,4,0,0,0
329,Scott Tinsley,1987,1987,,PHI,NFL,3,3,48,86,55.81,637,3,4,,3.5,4.65,71.7,6,55,6.5%,7.41,6.01,5.02,212.3,0,3,0,,
330,Jeff Carlson,1990,1992,4-102,TOT,NFL,7,3,49,114,42.98,636,2,9,,1.8,7.89,34.1,14,94,10.9%,5.58,2.38,1.38,90.9,0,3,0,,
331,Kevin Hogan,2016,2017,5-162,CLE,NFL,8,1,60,101,59.41,621,4,7,1,4,6.93,61.5,8,45,7.3%,6.15,3.82,3.13,77.6,0,1,0,,
332,Tony Adams,1987,1987,14-343,MIN,NFL,3,3,49,89,55.06,607,3,5,1,3.4,5.62,64.2,18,120,16.8%,6.82,4.97,3.01,202.3,0,3,0,,
333,Gary Danielson,1987,1988,,CLE,NFL,8,2,56,85,65.88,605,4,1,,4.7,1.18,97.4,8,47,8.6%,7.12,7.53,6.38,75.6,1,1,0,0,1
334,Kevin Sweeney,1987,1988,7-180,DAL,NFL,6,4,47,106,44.34,605,7,6,,6.6,5.66,61.2,12,95,10.2%,5.71,4.48,3.22,100.8,2,2,0,,
335,Spergon Wynn,2000,2001,6-183,TOT,NFL,10,3,70,152,46.05,585,1,7,1,0.7,4.61,39.5,23,154,13.1%,3.85,1.91,0.78,58.5,0,3,0,,
336,Will Furrer,1992,1995,4-107,TOT,NFL,9,2,57,124,45.97,572,2,10,,1.6,8.06,31.4,9,74,6.8%,4.61,1.31,0.66,63.6,0,2,0,,
337,Keith Null,2009,2009,6-196,RAM,NFL,4,4,73,119,61.34,566,3,9,1,2.5,7.56,49.9,13,82,9.8%,4.76,1.86,1.05,141.5,0,4,0,,
338,Alan Risher,1987,1987,,GNB,NFL,3,3,44,74,59.46,564,3,3,,4.1,4.05,80.0,12,77,14.0%,7.62,6.61,4.79,188.0,2,1,0,0,1
339,Jesse Palmer,2002,2003,4-125,NYG,NFL,8,3,63,120,52.50,562,3,4,1,2.5,3.33,59.8,16,95,11.8%,4.68,3.68,2.55,70.3,0,3,0,,
340,Cary Conklin,1992,1995,4-86,TOT,NFL,7,2,52,101,51.49,560,5,3,1,5,2.97,72.2,10,65,9.0%,5.54,5.20,4.14,80.0,0,2,0,,
Rk,Player,From,To,Draft,Tm,Lg,G,GS,Cmp,Att,Cmp%,Yds,TD,Int,Pick6,TD%,Int%,Rate,Sk,Yds,Sk%,Y/A,AY/A,ANY/A,Y/G,W,L,T,4QC,GWD
341,Marques Tuiasosopo,2001,2008,2-59,RAI,NFL,13,2,49,90,54.44,554,2,7,,2.2,7.78,48.1,10,70,10.0%,6.16,3.10,2.09,42.6,0,2,0,,
342,Todd Hons,1987,1987,,DET,NFL,3,3,43,92,46.74,552,5,5,1,5.4,5.43,61.5,9,67,8.9%,6.00,4.64,3.56,184.0,1,2,0,1,1
343,Nathan Peterman,2017,2018,5-171,BUF,NFL,8,4,68,130,52.31,548,3,12,3,2.3,9.23,32.5,8,39,5.8%,4.22,0.52,0.21,68.5,1,3,0,,
344,Ed Rubbert,1987,1987,,WAS,NFL,3,3,26,49,53.06,532,4,1,1,8.2,2.04,110.2,1,9,2.0%,10.86,11.57,11.16,177.3,3,0,0,,
345,Brandon Allen,2019,2019,6-201,DEN,NFL,3,3,39,84,46.43,515,3,2,,3.6,2.38,68.3,9,59,9.7%,6.13,5.77,4.58,171.7,1,2,0,,
346,Ron Jaworski,1988,1989,2-37,TOT,NFL,22,3,45,75,60.00,508,3,5,,4,6.67,65.9,2,20,2.6%,6.77,4.57,4.19,23.1,1,2,0,1,1
347,Bruce Mathison,1987,1987,10-272,SEA,NFL,3,2,36,76,47.37,501,3,5,,3.9,6.58,54.8,6,49,7.3%,6.59,4.42,3.50,167.0,1,1,0,1,1
348,Moses Moreno,1998,2000,7-232,TOT,NFL,9,3,51,103,49.51,485,1,2,,1,1.94,58.1,11,70,9.6%,4.71,4.03,3.03,53.9,0,3,0,,
349,Ryan Finley,2019,2019,4-104,CIN,NFL,3,3,41,87,47.13,474,2,2,1,2.3,2.30,62.1,11,93,11.2%,5.45,4.87,3.38,158.0,0,3,0,,
350,Doug Nussmeier,1996,1997,4-116,NOR,NFL,5,2,46,82,56.10,455,1,4,,1.2,4.88,55.7,9,49,9.9%,5.55,3.60,2.70,91.0,0,2,0,,
351,Stephen McGee,2010,2011,4-101,DAL,NFL,3,1,46,82,56.10,420,3,0,,3.7,0.00,82.4,6,50,6.8%,5.12,5.85,4.89,140.0,1,0,0,1,1
352,Luke Falk,2019,2019,6-199,NYJ,NFL,3,2,47,73,64.38,416,0,3,1,0,4.11,62.4,16,96,18.0%,5.70,3.85,2.08,138.7,0,2,0,,
353,Dennis Dixon,2008,2014,5-156,TOT,NFL,4,3,35,59,59.32,402,1,2,,1.7,3.39,71.4,5,41,7.8%,6.81,5.63,4.55,100.5,2,1,0,0,1
354,Bill Musgrave,1991,1996,4-106,TOT,NFL,12,1,43,69,62.32,402,1,2,,1.4,2.90,71.0,4,32,5.5%,5.83,4.81,4.11,33.5,0,1,0,,
355,Craig Nall,2003,2007,5-164,GNB,NFL,7,0,30,48,62.50,402,5,0,,10.4,0.00,123.8,3,18,5.9%,8.38,10.46,9.49,57.4,0,0,0,,
356,Kurt Kittner,2003,2003,5-158,ATL,NFL,7,4,44,114,38.60,391,2,6,1,1.8,5.26,32.5,5,30,4.2%,3.43,1.41,1.10,55.9,1,3,0,,
357,Sean Mannion,2015,2019,3-89,TOT,NFL,13,2,45,74,60.81,384,0,3,1,0,4.05,57.5,3,20,3.9%,5.19,3.36,2.97,29.5,0,2,0,,
358,David Norrie,1987,1987,11-291,NYJ,NFL,2,2,35,68,51.47,376,1,4,,1.5,5.88,48.4,15,72,18.1%,5.53,3.18,1.73,188.0,0,2,0,,
359,Max Hall,2010,2010,,CRD,NFL,6,3,39,78,50.00,370,1,6,2,1.3,7.69,35.7,14,90,15.2%,4.74,1.54,0.33,61.7,1,2,0,0,1
360,Rick Neuheisel,1987,1987,,SDG,NFL,3,2,40,59,67.80,367,1,1,,1.7,1.69,83.1,10,89,14.5%,6.22,5.80,3.67,122.3,2,0,0,0,1
Rk,Player,From,To,Draft,Tm,Lg,G,GS,Cmp,Att,Cmp%,Yds,TD,Int,Pick6,TD%,Int%,Rate,Sk,Yds,Sk%,Y/A,AY/A,ANY/A,Y/G,W,L,T,4QC,GWD
361,Clint Stoerner,2000,2001,,DAL,NFL,5,2,29,54,53.70,367,4,5,,7.4,9.26,61.3,7,43,11.5%,6.80,4.11,2.93,73.4,1,1,0,,
362,Travis Brown,2000,2003,,TOT,NFL,4,0,29,52,55.77,361,1,3,1,1.9,5.77,59.9,2,9,3.7%,6.94,4.73,4.39,90.3,0,0,0,,
363,Jeff Brohm,1996,1997,,SFO,NFL,8,0,37,58,63.79,353,1,1,1,1.7,1.72,79.2,7,47,10.8%,6.09,5.66,4.32,44.1,0,0,0,1,1
364,Mike Hohensee,1987,1987,,CHI,NFL,2,2,28,52,53.85,343,4,1,,7.7,1.92,92.1,3,19,5.5%,6.60,7.27,6.53,171.5,2,0,0,,
365,John Navarre,2004,2005,7-202,CRD,NFL,2,1,32,64,50.00,342,2,5,,3.1,7.81,43.9,5,35,7.2%,5.34,2.45,1.77,171.0,0,1,0,,
366,Frank Seurer,1987,1987,3-76,KAN,NFL,8,2,26,55,47.27,340,0,4,,0,7.27,36.9,10,82,15.4%,6.18,2.91,1.20,42.5,0,2,0,,
367,Taylor Heinicke,2017,2018,,TOT,NFL,7,1,36,58,62.07,330,1,3,,1.7,5.17,61.7,3,33,4.9%,5.69,3.71,2.98,47.1,0,1,0,,
368,Dave Wilson,1987,1988,1-1,NOR,NFL,5,0,18,40,45.00,316,2,1,1,5,2.50,78.7,2,21,4.8%,7.90,7.78,6.90,63.2,0,0,0,0,1
369,Matt Stevens,1987,1987,,KAN,NFL,3,2,32,57,56.14,315,1,1,,1.8,1.75,70.4,6,53,9.5%,5.53,5.09,3.76,105.0,0,2,0,,
370,Jeff Tuel,2013,2014,,BUF,NFL,2,1,26,59,44.07,309,1,3,2,1.7,5.08,45.1,2,11,3.3%,5.24,3.29,3.00,154.5,0,1,0,0,0
371,Mike Kelley,1987,1987,6-149,SDG,NFL,3,1,17,29,58.62,305,1,0,,3.4,0.00,106.2,1,7,3.3%,10.52,11.21,10.60,101.7,1,0,0,2,1
372,Brad Goebel,1991,1994,,TOT,NFL,7,2,32,59,54.24,299,0,6,,0,10.17,28.8,6,37,9.2%,5.07,0.49,-0.12,42.7,0,2,0,,
373,Steve Matthews,1997,1998,7-199,TOT,NFL,3,1,28,43,65.12,299,0,0,,0,0.00,85.3,1,0,2.3%,6.95,6.95,6.80,99.7,1,0,0,,
374,Jeff Christensen,1987,1987,5-137,CLE,NFL,3,2,24,58,41.38,297,1,3,,1.7,5.17,42.1,5,37,7.9%,5.12,3.14,2.30,99.0,1,1,0,1,1
375,David Fales,2014,2019,6-183,TOT,NFL,5,0,31,48,64.58,287,1,1,,2.1,2.08,79.1,3,20,5.9%,5.98,5.46,4.75,57.4,,,,0,0
376,Mike Busch,1987,1987,,NYG,NFL,2,1,17,47,36.17,278,3,2,,6.4,4.26,60.4,7,72,13.0%,5.91,5.28,3.26,139.0,0,1,0,,
377,Shawn Halloran,1987,1987,,CRD,NFL,3,2,18,42,42.86,263,0,1,,0,2.38,54.0,5,34,10.6%,6.26,5.19,3.91,87.7,1,1,0,,
378,Brian Brohm,2009,2010,2-56,BUF,NFL,3,2,27,52,51.92,252,0,5,1,0,9.62,26.0,5,13,8.8%,4.85,0.52,0.25,84.0,0,2,0,,
379,Eric Hipple,1988,1989,4-85,DET,NFL,6,1,19,45,42.22,248,0,3,2,0,6.67,32.5,8,51,15.1%,5.51,2.51,1.17,41.3,0,1,0,,
380,Jim Druckenmiller,1997,1998,1-26,SFO,NFL,6,1,21,52,40.38,239,1,4,,1.9,7.69,29.2,4,32,7.1%,4.60,1.52,0.84,39.8,1,0,0,1,1
Rk,Player,From,To,Draft,Tm,Lg,G,GS,Cmp,Att,Cmp%,Yds,TD,Int,Pick6,TD%,Int%,Rate,Sk,Yds,Sk%,Y/A,AY/A,ANY/A,Y/G,W,L,T,4QC,GWD
381,Richard Bartel,2010,2011,,CRD,NFL,3,0,26,50,52.00,236,1,2,1,2,4.00,55.1,3,18,5.7%,4.72,3.32,2.79,78.7,0,0,0,,
382,Rusty Smith,2010,2012,6-176,OTI,NFL,3,1,23,45,51.11,234,0,4,,0,8.89,29.3,1,0,2.2%,5.20,1.20,1.17,78.0,0,1,0,,
383,Shawn Moore,1992,1992,11-284,DEN,NFL,3,0,17,34,50.00,232,0,3,,0,8.82,35.4,6,50,15.0%,6.82,2.85,1.18,77.3,0,0,0,,
384,Will Grier,2019,2019,3-100,CAR,NFL,2,2,28,52,53.85,228,0,4,1,0,7.69,33.2,6,44,10.3%,4.38,0.92,0.07,114.0,0,2,0,,
385,Greg McElroy,2012,2012,7-208,NYJ,NFL,2,1,19,31,61.29,214,1,1,,3.2,3.23,79.2,11,71,26.2%,6.90,6.10,2.81,107.0,0,1,0,1,1
386,Jeff Lewis,1996,2000,4-100,TOT,NFL,12,0,28,54,51.85,210,0,2,1,0,3.70,46.1,10,71,15.6%,3.89,2.22,0.77,17.5,0,0,0,,
387,Henry Burris,2002,2002,,CHI,NFL,6,1,18,51,35.29,207,3,5,,5.9,9.80,28.4,0,0,0.0%,4.06,0.82,0.82,34.5,0,1,0,,
388,Jim Zorn,1987,1987,,TAM,NFL,1,1,20,36,55.56,199,0,2,,0,5.56,48.3,1,6,2.7%,5.53,3.03,2.78,199.0,1,0,0,,
389,Cody Pickett,2004,2005,7-217,SFO,NFL,6,2,18,45,40.00,195,0,4,,0,8.89,16.4,5,30,10.0%,4.33,0.33,-0.30,32.5,0,2,0,,
390,Matt Simms,2013,2014,,NYJ,NFL,4,0,19,39,48.72,195,1,1,,2.6,2.56,61.4,4,23,9.3%,5.00,4.36,3.42,48.8,,,,,
391,Brian St. Pierre,2004,2010,5-163,TOT,NFL,3,1,15,33,45.45,185,2,3,2,6.1,9.09,45.6,3,23,8.3%,5.61,2.73,1.86,61.7,0,1,0,1,1
392,Sammy Garza,1987,1987,8-216,CRD,NFL,2,1,11,20,55.00,183,1,2,,5,10.00,63.1,1,13,4.8%,9.15,5.65,4.76,91.5,0,1,0,,
393,Bob Bleier,1987,1987,,NWE,NFL,3,2,14,39,35.90,181,1,1,,2.6,2.56,49.2,3,28,7.1%,4.64,4.00,3.05,60.3,1,1,0,,
394,Brian McClure,1987,1987,12-313,BUF,NFL,1,1,20,38,52.63,181,0,3,,0,7.89,32.9,2,17,5.0%,4.76,1.21,0.73,181.0,1,0,0,1,1
395,Connor Shaw,2014,2014,,CLE,NFL,1,1,14,28,50.00,177,0,1,,0,3.57,55.2,4,27,12.5%,6.32,4.71,3.28,177.0,0,1,0,,
396,Jeff Van Raaphorst,1987,1987,,ATL,NFL,2,1,18,34,52.94,174,1,2,,2.9,5.88,52.8,3,19,8.1%,5.12,3.06,2.30,87.0,0,1,0,,
397,Randy Fasani,2002,2002,5-137,CAR,NFL,4,1,15,44,34.09,171,0,4,,0,9.09,8.8,7,60,13.7%,3.89,-0.20,-1.35,42.8,0,1,0,,
398,Eric Kresser,1998,1998,,CIN,NFL,2,0,10,21,47.62,164,1,2,,4.8,9.52,50.6,0,0,0.0%,7.81,4.48,4.48,82.0,0,0,0,,
399,Rick Strom,1989,1991,,PIT,NFL,10,0,14,22,63.64,162,0,1,,0,4.55,66.9,5,29,18.5%,7.36,5.32,3.26,16.2,0,0,0,0,0
400,Brock Berlin,2007,2008,,RAM,NFL,2,1,18,31,58.06,159,0,1,,0,3.23,58.4,0,0,0.0%,5.13,3.68,3.68,79.5,0,1,0,,
401,David Archer,1987,1989,,TOT,NFL,26,1,14,37,37.84,157,0,3,,0,8.11,17.5,5,36,11.9%,4.24,0.59,-0.33,6.0,0,1,0,,
402,Nate Sudfeld,2017,2018,6-187,PHI,NFL,3,0,20,25,80.00,156,1,0,,4,0.00,106.0,3,24,10.7%,6.24,7.04,5.43,52.0,,,,0,0
403,Willie Totten,1987,1987,,BUF,NFL,2,1,13,33,39.39,155,2,2,,6.1,6.06,49.4,5,62,13.2%,4.70,3.18,1.13,77.5,0,1,0,,
404,Tony Robinson,1987,1987,,WAS,NFL,1,0,11,18,61.11,152,0,2,,0,11.11,48.6,2,12,10.0%,8.44,3.44,2.50,152.0,0,0,0,,
405,Connor Cook,2016,2016,4-100,RAI,NFL,1,0,14,21,66.67,150,1,1,,4.8,4.76,83.4,2,7,8.7%,7.14,5.95,5.13,150.0,,,,,
406,Trevone Boykin,2016,2016,,SEA,NFL,5,0,13,18,72.22,145,1,1,,5.6,5.56,91.2,1,5,5.3%,8.06,6.67,6.05,29.0,,,,,
407,Joe Germaine,1999,1999,4-101,RAM,NFL,3,0,9,16,56.25,136,1,2,2,6.3,12.50,65.6,3,23,15.8%,8.50,4.13,2.26,45.3,0,0,0,,
408,Matt Mauck,2005,2005,7-225,OTI,NFL,2,1,15,27,55.56,136,0,1,,0,3.70,53.9,1,8,3.6%,5.04,3.37,2.96,68.0,0,1,0,,
409,Dave Ragone,2003,2003,3-88,HTX,NFL,2,2,20,40,50.00,135,0,1,,0,2.50,47.4,8,39,16.7%,3.38,2.25,1.06,67.5,0,2,0,,
410,Matt Cavanaugh,1987,1991,2-50,TOT,NFL,21,0,10,21,47.62,134,2,2,,9.5,9.52,60.5,0,0,0.0%,6.38,4.00,4.00,6.4,0,0,0,,
411,Matt Lytle,2000,2001,,TOT,NFL,4,1,17,30,56.67,133,1,3,1,3.3,10.00,39.3,3,24,9.1%,4.43,0.60,-0.18,33.3,0,1,0,,
412,Ryan Nassib,2014,2015,4-110,NYG,NFL,5,0,9,10,90.00,128,1,0,,10,0.00,152.1,2,11,16.7%,12.80,14.80,11.42,25.6,,,,,
413,Troy Taylor,1990,1991,4-84,NYJ,NFL,7,0,12,20,60.00,125,2,1,,10,5.00,90.6,2,3,9.1%,6.25,6.00,5.32,17.9,0,0,0,,
414,Mike Hold,1987,1987,,TAM,NFL,2,0,8,24,33.33,123,2,1,,8.3,4.17,61.6,3,18,11.1%,5.13,4.92,3.70,61.5,0,0,0,,
415,Taysom Hill,2017,2019,,NOR,NFL,37,9,6,13,46.15,119,0,1,,0,7.69,46.6,2,12,13.3%,9.15,5.69,4.13,3.2,,,,,
416,Jarious Jackson,2000,2003,7-214,DEN,NFL,5,1,11,22,50.00,114,0,1,,0,4.55,46.4,2,11,8.3%,5.18,3.14,2.42,22.8,0,1,0,,
417,Dave Walter,1987,1987,11-307,CIN,NFL,3,2,10,21,47.62,113,0,0,,0,0.00,64.2,2,15,8.7%,5.38,5.38,4.26,37.7,1,1,0,,
418,Reggie Collier,1987,1987,6-162,PIT,NFL,2,0,4,7,57.14,110,2,1,,28.6,14.29,101.8,1,3,12.5%,15.71,15.00,12.75,55.0,0,0,0,,
419,Mike Kafka,2011,2014,4-122,TOT,NFL,4,0,11,16,68.75,107,0,2,,0,12.50,47.7,1,6,5.9%,6.69,1.06,0.65,26.8,,,,0,0
420,Alex Tanney,2012,2019,,TOT,NFL,2,0,11,15,73.33,100,1,0,,6.7,0.00,113.2,3,34,16.7%,6.67,8.00,4.78,50.0,0,0,,0,0
Rk,Player,From,To,Draft,Tm,Lg,G,GS,Cmp,Att,Cmp%,Yds,TD,Int,Pick6,TD%,Int%,Rate,Sk,Yds,Sk%,Y/A,AY/A,ANY/A,Y/G,W,L,T,4QC,GWD
421,Drew Henson,2004,2008,6-192,TOT,NFL,9,1,11,20,55.00,98,1,1,1,5,5.00,64.2,5,51,20.0%,4.90,3.65,0.88,10.9,1,0,0,,
422,Cardale Jones,2016,2016,4-139,BUF,NFL,1,0,6,11,54.55,96,0,1,,0,9.09,46.0,1,2,8.3%,8.73,4.64,4.08,96.0,,,,,
423,Logan Thomas,2014,2019,4-120,TOT,NFL,42,8,2,10,20.00,96,1,0,,10,0.00,100.4,2,11,16.7%,9.60,11.60,8.75,2.3,,,,,
424,Ricky Turner,1988,1988,,CLT,NFL,4,0,3,4,75.00,92,0,0,,0,0.00,116.7,2,15,33.3%,23.00,23.00,12.83,23.0,0,0,0,,
425,Jim Crocicchia,1987,1987,,NYG,NFL,1,1,6,15,40.00,89,1,0,,6.7,0.00,82.4,2,17,11.8%,5.93,7.27,5.41,89.0,0,1,0,,
426,Rohan Davey,2002,2004,4-117,NWE,NFL,7,0,8,19,42.11,88,0,0,,0,0.00,56.5,0,0,0.0%,4.63,4.63,4.63,12.6,0,0,0,,
427,John Reaves,1987,1987,1-14,TAM,NFL,2,2,6,16,37.50,83,1,0,,6.3,0.00,75.8,1,12,5.9%,5.19,6.44,5.35,41.5,1,1,0,,
428,Michael Bishop,2000,2000,7-227,NWE,NFL,8,0,3,9,33.33,80,1,1,,11.1,11.11,64.4,0,0,0.0%,8.89,6.11,6.11,10.0,0,0,0,,
429,Sean Payton,1987,1987,,CHI,NFL,3,0,8,23,34.78,79,0,1,,0,4.35,27.3,7,47,23.3%,3.43,1.48,-0.43,26.3,0,0,0,,
430,Steve Bradley,1987,1987,12-316,CHI,NFL,1,1,6,18,33.33,77,2,3,,11.1,16.67,45.1,3,24,14.3%,4.28,-1.00,-2.00,77.0,0,1,0,,
431,Kerwin Bell,1996,1996,7-180,CLT,NFL,1,0,5,5,100.00,75,1,0,,20,0.00,158.3,0,0,0.0%,15.00,19.00,19.00,75.0,0,0,0,,
432,Alex Espinoza,1987,1987,,KAN,NFL,1,0,9,14,64.29,69,0,2,,0,14.29,36.6,2,17,12.5%,4.93,-1.50,-2.38,69.0,0,0,0,,
433,Chris Greisen,1999,2000,7-239,CRD,NFL,5,0,7,16,43.75,69,1,0,,6.3,0.00,77.3,3,24,15.8%,4.31,5.56,3.42,13.8,0,0,0,,
434,Tee Martin,2001,2003,5-163,TOT,NFL,3,0,6,16,37.50,69,0,1,,0,6.25,25.3,1,5,5.9%,4.31,1.50,1.12,23.0,0,0,0,,
435,Marty Horn,1987,1987,,PHI,NFL,1,0,5,11,45.45,68,0,0,,0,0.00,65.7,1,7,8.3%,6.18,6.18,5.08,68.0,0,0,0,,
436,Dan Manucci,1987,1987,5-116,BUF,NFL,3,1,7,21,33.33,68,0,2,,0,9.52,3.8,3,27,12.5%,3.24,-1.05,-2.04,22.7,0,1,0,0,1
437,Jordan Palmer,2008,2014,6-205,TOT,NFL,5,0,11,18,61.11,66,0,2,1,0,11.11,28.7,4,31,18.2%,3.67,-1.33,-2.50,13.2,0,0,0,0,0
438,Cory Sauter,2002,2002,,CHI,NFL,1,0,6,9,66.67,59,0,0,,0,0.00,85.0,4,20,30.8%,6.56,6.56,3.00,59.0,0,0,0,,
439,Brett Basanez,2006,2006,,CAR,NFL,1,0,6,11,54.55,56,0,1,,0,9.09,30.9,0,0,0.0%,5.09,1.00,1.00,56.0,0,0,0,,
440,Mark Stevens,1987,1987,,SFO,NFL,2,0,2,4,50.00,52,1,0,,25,0.00,135.4,0,0,0.0%,13.00,18.00,18.00,26.0,0,0,0,,
Rk,Player,From,To,Draft,Tm,Lg,G,GS,Cmp,Att,Cmp%,Yds,TD,Int,Pick6,TD%,Int%,Rate,Sk,Yds,Sk%,Y/A,AY/A,ANY/A,Y/G,W,L,T,4QC,GWD
441,Brad Smith,2006,2014,4-103,TOT,NFL,127,24,4,10,40.00,51,1,2,,10,20.00,50.4,1,6,9.1%,5.10,-1.90,-2.27,0.4,0,0,0,,
442,Terry Nugent,1987,1987,6-158,CLT,NFL,1,0,3,5,60.00,47,0,0,,0,0.00,91.2,1,9,16.7%,9.40,9.40,6.33,47.0,0,0,0,,
443,Tony Pike,2010,2010,6-204,CAR,NFL,1,0,6,12,50.00,47,0,0,,0,0.00,60.1,1,10,7.7%,3.92,3.92,2.85,47.0,0,0,0,,
444,Loren Snyder,1987,1987,,DAL,NFL,2,0,4,9,44.44,44,0,0,,0,0.00,59.5,0,0,0.0%,4.89,4.89,4.89,22.0,0,0,0,,
445,Joshua Dobbs,2018,2018,4-135,PIT,NFL,5,0,6,12,50.00,43,0,1,,0,8.33,24.0,0,0,0.0%,3.58,-0.17,-0.17,8.6,,,,,
446,Dave Barr,1995,1995,4-119,RAM,NFL,2,0,5,9,55.56,42,0,0,,0,0.00,67.8,1,4,10.0%,4.67,4.67,3.80,21.0,0,0,0,,
447,Gino Torretta,1993,1996,7-192,TOT,NFL,2,0,5,16,31.25,41,1,1,,6.3,6.25,35.4,3,17,15.8%,2.56,1.00,-0.05,20.5,0,0,0,,
448,Garrett Gilbert,2014,2019,6-214,TOT,NFL,6,0,2,6,33.33,40,0,0,,0,0.00,57.6,1,5,14.3%,6.67,6.67,5.00,6.7,,,,0,0
449,Bernard Quarles,1987,1987,,RAM,NFL,1,0,1,3,33.33,40,1,1,,33.3,33.33,81.9,0,0,0.0%,13.33,5.00,5.00,40.0,0,0,0,,
450,Dameyune Craig,2000,2001,,CAR,NFL,6,0,4,8,50.00,34,0,0,,0,0.00,61.5,2,15,20.0%,4.25,4.25,1.90,5.7,0,0,0,,
451,Dominique Davis,2012,2014,,TOT,NFL,2,0,5,7,71.43,34,0,0,,0,0.00,81.8,0,0,0.0%,4.86,4.86,4.86,17.0,0,0,,0,0
452,Jay Walker,1996,1997,7-198,MIN,NFL,1,0,2,2,100.00,31,0,0,,0,0.00,118.7,0,0,0.0%,15.50,15.50,15.50,31.0,0,0,0,,
453,Scott Covington,1999,2002,7-245,TOT,NFL,4,1,6,10,60.00,30,0,0,,0,0.00,64.6,2,16,16.7%,3.00,3.00,1.17,7.5,1,0,0,,
454,Tony Sacca,1992,1992,2-46,CRD,NFL,2,0,4,11,36.36,29,0,2,,0,18.18,5.3,0,0,0.0%,2.64,-5.55,-5.55,14.5,0,0,0,,
455,Willie Gillus,1987,1987,,GNB,NFL,1,0,2,5,40.00,28,0,0,,0,0.00,58.7,3,14,37.5%,5.60,5.60,1.75,28.0,0,0,0,,
456,Jared Lorenzen,2006,2007,,NYG,NFL,4,0,4,8,50.00,28,0,0,,0,0.00,58.3,1,5,11.1%,3.50,3.50,2.56,7.0,0,0,0,,
457,Jeff Francis,1990,1990,6-140,CLE,NFL,1,0,2,2,100.00,26,0,0,,0,0.00,118.7,0,0,0.0%,13.00,13.00,13.00,26.0,0,0,0,,
458,Ben Bennett,1987,1987,6-148,CIN,NFL,1,0,2,6,33.33,25,0,1,,0,16.67,7.6,0,0,0.0%,4.17,-3.33,-3.33,25.0,0,0,0,,
459,Levi Brown,2010,2010,7-209,BUF,NFL,1,0,2,3,66.67,24,0,1,,0,33.33,51.4,0,0,0.0%,8.00,-7.00,-7.00,24.0,0,0,0,,
460,Jake Rudock,2017,2017,6-191,DET,NFL,3,0,3,5,60.00,24,0,1,1,0,20.00,32.5,0,0,0.0%,4.80,-4.20,-4.20,8.0,,,,,
Rk,Player,From,To,Draft,Tm,Lg,G,GS,Cmp,Att,Cmp%,Yds,TD,Int,Pick6,TD%,Int%,Rate,Sk,Yds,Sk%,Y/A,AY/A,ANY/A,Y/G,W,L,T,4QC,GWD
461,Craig Kupp,1991,1991,5-135,CRD,NFL,1,0,3,7,42.86,23,0,0,,0,0.00,51.5,2,23,22.2%,3.29,3.29,0.00,23.0,0,0,0,,
462,Monte McGuire,1987,1987,,DEN,NFL,2,0,2,3,66.67,23,0,0,,0,0.00,89.6,0,0,0.0%,7.67,7.67,7.67,11.5,0,0,0,,
463,Kevin O'Connell,2008,2008,3-94,NWE,NFL,2,0,4,6,66.67,23,0,0,,0,0.00,73.6,1,2,14.3%,3.83,3.83,3.00,11.5,0,0,0,,
464,Graham Harrell,2012,2012,,GNB,NFL,4,0,2,4,50.00,20,0,0,,0,0.00,64.6,0,0,0.0%,5.00,5.00,5.00,5.0,0,0,,,
465,Mike Quinn,1997,1998,,TOT,NFL,4,0,2,3,66.67,20,0,0,,0,0.00,85.4,0,0,0.0%,6.67,6.67,6.67,5.0,0,0,0,,
466,Turk Schonert,1987,1989,9-242,CIN,NFL,34,1,2,6,33.33,20,0,0,,0,0.00,43.7,2,27,25.0%,3.33,3.33,-0.88,0.6,1,0,0,,
467,Ryan Griffin,2014,2019,,TOT,NFL,2,0,2,4,50.00,18,0,0,,0,0.00,62.5,0,0,0.0%,4.50,4.50,4.50,9.0,,,,0,0
468,Matt Gutierrez,2007,2009,,TOT,NFL,6,0,2,2,100.00,18,0,0,,0,0.00,104.2,0,0,0.0%,9.00,9.00,9.00,3.0,0,0,0,,
469,Kliff Kingsbury,2005,2005,6-201,NYJ,NFL,1,0,1,2,50.00,17,0,0,,0,0.00,79.2,0,0,0.0%,8.50,8.50,8.50,17.0,0,0,0,,
470,Matt Blundin,1993,1997,2-40,TOT,NFL,3,0,2,9,22.22,15,0,2,1,0,22.22,0.0,0,0,0.0%,1.67,-8.33,-8.33,5.0,0,0,0,,
471,Tim Boyle,2019,2019,,GNB,NFL,3,0,3,4,75.00,15,0,0,,0,0.00,80.2,0,0,0.0%,3.75,3.75,3.75,5.0,,,,,
472,James Ritchey,1997,1997,,OTI,NFL,1,0,2,2,100.00,15,0,0,,0,0.00,97.9,1,9,33.3%,7.50,7.50,2.00,15.0,0,0,0,,
473,Jarrett Stidham,2019,2019,4-133,NWE,NFL,3,0,2,4,50.00,14,0,1,1,0,25.00,18.7,1,7,20.0%,3.50,-7.75,-7.60,4.7,,,,,
474,Joe Callahan,2017,2017,,GNB,NFL,1,0,5,7,71.43,11,0,0,,0,0.00,74.1,0,0,0.0%,1.57,1.57,1.57,11.0,,,,,
475,Sean Renfree,2014,2015,7-249,ATL,NFL,2,0,3,7,42.86,11,0,1,,0,14.29,10.7,2,17,22.2%,1.57,-4.86,-5.67,5.5,,,,0,0
476,Adrian Breen,1987,1987,,CIN,NFL,2,1,3,8,37.50,9,1,0,,12.5,0.00,85.4,3,18,27.3%,1.13,3.63,1.00,4.5,0,1,0,,
477,Scott Milanovich,1996,1996,,TAM,NFL,1,0,2,3,66.67,9,0,0,,0,0.00,70.1,0,0,0.0%,3.00,3.00,3.00,9.0,0,0,0,,
478,Mark Miller,1987,1987,,BUF,NFL,1,0,1,3,33.33,9,0,1,,0,33.33,2.8,0,0,0.0%,3.00,-12.00,-12.00,9.0,0,0,0,,
479,Pete Gonzalez,1999,1999,,PIT,NFL,1,0,1,1,100.00,8,0,0,,0,0.00,100.0,0,0,0.0%,8.00,8.00,8.00,8.0,0,0,0,,
480,Scott Stankavage,1987,1987,,MIA,NFL,3,0,4,7,57.14,8,0,1,,0,14.29,22.6,0,0,0.0%,1.14,-5.29,-5.29,2.7,0,0,0,,
Rk,Player,From,To,Draft,Tm,Lg,G,GS,Cmp,Att,Cmp%,Yds,TD,Int,Pick6,TD%,Int%,Rate,Sk,Yds,Sk%,Y/A,AY/A,ANY/A,Y/G,W,L,T,4QC,GWD
481,Kevin Thompson,2000,2000,,CLE,NFL,1,0,1,1,100.00,8,0,0,,0,0.00,100.0,0,0,0.0%,8.00,8.00,8.00,8.0,0,0,0,,
482,B.J. Daniels,2014,2015,7-237,TOT,NFL,8,0,1,2,50.00,7,0,0,,0,0.00,58.3,0,0,0.0%,3.50,3.50,3.50,0.9,,,,0,0
483,Gibran Hamdan,2003,2003,7-232,WAS,NFL,1,0,1,2,50.00,7,0,0,,0,0.00,58.3,1,2,33.3%,3.50,3.50,1.67,7.0,0,0,0,,
484,Bradlee Van Pelt,2005,2005,7-250,DEN,NFL,3,0,2,8,25.00,7,0,0,,0,0.00,39.6,0,0,0.0%,0.88,0.88,0.88,2.3,0,0,0,,
485,Mike Elkins,1989,1989,2-32,KAN,NFL,1,0,1,2,50.00,5,0,1,,0,50.00,16.7,0,0,0.0%,2.50,-20.00,-20.00,5.0,0,0,0,,
486,Kevin Ingram,1987,1987,,NOR,NFL,2,0,1,2,50.00,5,1,0,,50,0.00,95.8,1,6,33.3%,2.50,12.50,6.33,2.5,0,0,0,,
487,Larry Miller,1987,1987,,MIN,NFL,2,0,1,6,16.67,2,0,1,1,0,16.67,0.0,1,10,14.3%,0.33,-7.17,-7.57,1.0,0,0,0,,
488,Cooper Rush,2017,2019,,DAL,NFL,5,0,1,3,33.33,2,0,0,,0,0.00,42.4,0,0,0.0%,0.67,0.67,0.67,0.4,,,,,
489,Wally Richardson,1998,1998,7-234,RAV,NFL,1,0,1,2,50.00,1,0,0,,0,0.00,56.2,0,0,0.0%,0.50,0.50,0.50,1.0,0,0,0,,
490,Pat Barnes,1999,1999,4-110,SFO,NFL,1,0,0,0,,0,0,0,,,,,0,0,,,,,0.0,0,0,0,,
491,Matt Blanchard,2012,2014,,TOT,NFL,0,,0,0,,0,0,0,,,,,0,0,,,,,,0,0,,0,0
492,Ed Blount,1987,1987,,SFO,NFL,1,0,0,0,,0,0,0,,,,,0,0,,,,,0.0,0,0,0,,
493,Tom Brandstater,2011,2011,6-174,RAM,NFL,1,0,0,2,0.00,0,0,0,,0,0.00,39.6,0,0,0.0%,0.00,0.00,0.00,0.0,,,,,
494,Tyler Bray,2014,2017,,KAN,NFL,1,0,0,1,0.00,0,0,0,,0,0.00,39.6,0,0,0.0%,0.00,0.00,0.00,0.0,,,,0,0
495,Walter Briggs,1987,1987,,NYJ,NFL,1,0,0,2,0.00,0,0,1,,0,50.00,0.0,0,0,0.0%,0.00,-22.50,-22.50,0.0,0,0,0,,
496,Rudy Carpenter,2011,2011,,TAM,NFL,1,0,0,0,,0,0,0,,,,,0,0,,,,,0.0,,,,,
497,Mike Cherry,1997,1998,6-171,NYG,NFL,2,0,0,1,0.00,0,0,0,,0,0.00,39.6,1,9,50.0%,0.00,0.00,-4.50,0.0,0,0,0,,
498,Chuck Clements,1997,1997,6-191,NYJ,NFL,1,0,0,0,,0,0,0,,,,,0,0,,,,,0.0,0,0,0,,
499,B.J. Coleman,2012,2012,7-243,GNB,NFL,,,0,0,,0,0,0,,,,,0,0,,,,,,,,,0,0
500,Zac Dysert,2014,2014,7-234,DEN,NFL,0,,0,0,,0,0,0,,,,,0,0,,,,,,,,,0,0
501,Brendan Folmar,1987,1987,,DET,NFL,1,0,0,0,,0,0,0,,,,,0,0,,,,,0.0,0,0,0,,
502,Garrett Grayson,2015,2015,3-75,NOR,NFL,1,0,0,0,,0,0,0,,,,,0,0,,,,,0.0,,,,,
503,Andy Hall,2005,2005,6-185,PHI,NFL,1,0,0,0,,0,0,0,,,,,0,0,,,,,0.0,0,0,0,,
504,Joe Hamilton,2000,2000,7-234,TAM,NFL,1,0,0,0,,0,0,0,,,,,1,1,100.0%,,,-1.00,0.0,0,0,0,,
505,Chandler Harnish,2012,2014,7-253,TOT,NFL,0,,0,0,,0,0,0,,,,,0,0,,,,,,0,0,,0,0
506,Mark Hartsell,2000,2000,,CHI,NFL,1,0,0,1,0.00,0,0,0,,0,0.00,39.6,0,0,0.0%,0.00,0.00,0.00,0.0,0,0,0,,
507,Doug Hudson,1987,1987,7-186,KAN,NFL,1,1,0,1,0.00,0,0,0,,0,0.00,39.6,1,10,50.0%,0.00,0.00,-5.00,0.0,0,1,0,,
508,Chad Kelly,2018,2018,7-253,DEN,NFL,1,0,0,0,,0,0,0,,,,,0,0,,,,,0.0,,,,,
509,G.J. Kinne,2014,2014,,PHI,NFL,0,,0,0,,0,0,0,,,,,0,0,,,,,,,,,0,0
510,Perry Klein,1994,1994,4-111,ATL,NFL,2,0,0,1,0.00,0,0,0,,0,0.00,39.6,2,9,66.7%,0.00,0.00,-3.00,0.0,0,0,0,,
511,Kyle Lauletta,2018,2018,4-108,NYG,NFL,2,0,0,5,0.00,0,0,1,,0,20.00,0.0,0,0,0.0%,0.00,-9.00,-9.00,0.0,,,,,
512,Seth Lobato,2014,2014,,MIA,NFL,0,,0,0,,0,0,0,,,,,0,0,,,,,,,,,0,0
513,Ingle Martin,2006,2006,5-148,GNB,NFL,1,0,0,0,,0,0,0,,,,,0,0,,,,,0.0,0,0,0,,
514,Dean May,1987,1987,5-138,DEN,NFL,3,0,0,5,0.00,0,0,1,,0,20.00,0.0,1,7,16.7%,0.00,-9.00,-8.67,0.0,0,0,0,,
515,Trace McSorley,2019,2019,6-197,RAV,NFL,1,0,0,0,,0,0,0,,,,,0,0,,,,,0.0,,,,,
516,Stephen Morris,2014,2014,,JAX,NFL,0,,0,0,,0,0,0,,,,,0,0,,,,,,,,,0,0
517,Tyler Murphy,2015,2015,,PIT,NFL,2,0,0,0,,0,0,0,,,,,0,0,,,,,0.0,,,,,
518,Aaron Murray,2014,2014,5-163,KAN,NFL,0,,0,0,,0,0,0,,,,,0,0,,,,,,,,,0,0
519,Mike Norseth,1988,1988,7-174,CIN,NFL,1,0,0,0,,0,0,0,,,,,0,0,,,,,0.0,0,0,0,,
520,Tim Riordan,1987,1987,3-73,NOR,NFL,1,0,0,1,0.00,0,0,0,,0,0.00,39.6,0,0,0.0%,0.00,0.00,0.00,0.0,0,0,0,,
Rk,Player,From,To,Draft,Tm,Lg,G,GS,Cmp,Att,Cmp%,Yds,TD,Int,Pick6,TD%,Int%,Rate,Sk,Yds,Sk%,Y/A,AY/A,ANY/A,Y/G,W,L,T,4QC,GWD
521,Jeff Rowe,2007,2007,5-151,CIN,NFL,2,0,0,0,,0,0,0,,,,,0,0,,,,,0.0,0,0,0,,
522,Brad Sorensen,2014,2014,7-221,2TM,NFL,0,,0,0,,0,0,0,,,,,0,0,,,,,,,,,0,0
523,Nick Stephens,2012,2012,,DAL,NFL,,,0,0,,0,0,0,,,,,0,0,,,,,,0,0,,0,0
524,Dustin Vaughan,2014,2014,,DAL,NFL,0,,0,0,,0,0,0,,,,,0,0,,,,,,,,,0,0
525,Marcus Vick,2006,2006,,MIA,NFL,1,0,0,0,,0,0,0,,,,,0,0,,,,,0.0,0,0,0,,
526,Keith Wenning,2014,2014,6-194,RAV,NFL,0,,0,0,,0,0,0,,,,,0,0,,,,,,,,,0,0
527,Pat White,2009,2009,2-44,MIA,NFL,13,0,0,5,0.00,0,0,0,,0,0.00,39.6,1,9,16.7%,0.00,0.00,-1.50,0.0,0,0,0,,
528,Todd Whitten,1987,1987,,NWE,NFL,1,0,0,0,,0,0,0,,,,,0,0,,,,,0.0,0,0,0,,
529,John Witkowski,1988,1988,6-160,DET,NFL,2,0,0,1,0.00,0,0,0,,0,0.00,39.6,0,0,0.0%,0.00,0.00,0.00,0.0,0,0,0,,
530,Tory Woodbury,2001,2002,,NYJ,NFL,12,0,0,0,,0,0,0,,,,,0,0,,,,,0.0,0,0,0,,
531,Scott Woolf,1987,1987,,RAI,NFL,1,0,0,0,,0,0,0,,,,,0,0,,,,,0.0,0,0,0,,
532,Todd Husak,2000,2000,6-202,WAS,NFL,1,0,2,2,100.00,-2,0,0,,0,0.00,79.2,0,0,0.0%,-1.00,-1.00,-1.00,-2.0,0,0,0,,
